Date,Time,PU_Adress,Base_No
7/1/2014,0:00,260 W 44 St NYC,B00256
7/1/2014,0:00,125 W 29 St Nyc,B00256
7/1/2014,0:00,141 W 28 St Nyc,B00256
7/1/2014,0:01,EWR,B00256
7/1/2014,0:07,JFK,B00256
7/1/2014,0:07,EWR,B00256
7/1/2014,0:11,JFK,B00256
7/1/2014,0:12,EWR,B00256
7/1/2014,0:15,EWR,B00256
7/1/2014,0:15,206 W 109 St Nyc,B00256
7/1/2014,0:18,LGA,B00256
7/1/2014,0:25,556 Hudson St Nyc,B00256
7/1/2014,0:25,848 WASHINGTON ST NYC,B00256
7/1/2014,0:29,EWR,B00256
7/1/2014,0:30,"12 Crown St Flatbush, BK",B00256
7/1/2014,0:31,JFK,B00256
7/1/2014,0:33,EWR,B00256
7/1/2014,0:44,JFK,B00256
7/1/2014,0:45,JFK,B00256
7/1/2014,0:45,EWR,B00256
7/1/2014,0:50,156 W 56 St Nyc,B01868
7/1/2014,0:57,JFK,B00256
7/1/2014,0:59,JFK,B00256
7/1/2014,1:00,315 W 39 St Nyc,B00256
7/1/2014,1:00,795 8 Ave NYC,B00256
7/1/2014,1:00,EWR,B00256
7/1/2014,1:05,244 E 71 St Nyc,B00256
7/1/2014,1:11,EWR,B00256
7/1/2014,1:14,JFK,B00256
7/1/2014,1:14,40 Wall Street New York,B00256
7/1/2014,1:20,15 W 17 ST NYC,B00256
7/1/2014,1:45,"83-80 118th Street Kew Gardens, QU",B00256
7/1/2014,1:47,110 E 55th St New York,B00256
7/1/2014,1:50,22 E 36 St Nyc,B00256
7/1/2014,1:56,EWR,B00256
7/1/2014,1:58,EWR,B00256
7/1/2014,2:00,300 North End Avenue New York,B00256
7/1/2014,2:07,EWR,B00256
7/1/2014,2:20,JFK,B00256
7/1/2014,2:25,13 E 17 St Nyc,B00256
7/1/2014,2:35,127 W 27 St Nyc,B00256
7/1/2014,2:45,108 W 24 St Nyc,B00256
7/1/2014,3:00,1675 York Ave NYC,B00256
7/1/2014,3:10,1 United Nations Pl Nyc,B00256
7/1/2014,3:30,"463 45th Street Sunset Park, BK",B00256
7/1/2014,3:30,255 West 43rd Street New York,B00256
7/1/2014,3:30,51 North Lyle Avenue Tenafly,B00256
7/1/2014,3:30,61 W 62 St NYC,B00256
7/1/2014,3:30,"180 Decatur Bedford Stuyvesant, ",B00256
7/1/2014,3:30,237 W 54 St Nyc,B00256
7/1/2014,3:30,237 W 54 St Nyc,B00256
7/1/2014,3:30,182 E 95 St Nyc,B00256
7/1/2014,3:30,27  Saint Marks Pl NYC,B00256
7/1/2014,3:45,2178 Broadway Nyc,B00256
7/1/2014,3:45,188 E 75 St Nyc,B00256
7/1/2014,3:45,140 Mayhill St  Saddle Brook NJ,B00256
7/1/2014,3:45,155 W 68 St NYC,B00256
7/1/2014,3:45,215 E 96 St NYC,B00256
7/1/2014,3:45,444 E 78 St Nyc,B00256
7/1/2014,3:45,275  Brooklyn Brooklyn,B00256
7/1/2014,4:00,1775 York Ave NYC,B00256
7/1/2014,4:00,"325 Franklin Ave Clinton Hill, BK",B00256
7/1/2014,4:00,"240 pemberwick road Greenwich, CT",B00256
7/1/2014,4:00,142 WEST END AVE NYC,B00256
7/1/2014,4:00,30 W 18 St Nyc,B00256
7/1/2014,4:00,"12 BELLEVUE AVENUE Dobbs Ferry ,NY.",B00256
7/1/2014,4:00,4 Washington Sq Villag NYC,B00256
7/1/2014,4:00,"265 LONG HILL ROAD EAST Briarcliff Manor ,NY",B00256
7/1/2014,4:00,800 WEST END AVE NYC,B00256
7/1/2014,4:00,"152 ADELPHI AVE Harrison ,NY.",B00256
7/1/2014,4:00,52 W 36 St Nyc,B00256
7/1/2014,4:00,140 E 7 ST NYC,B00256
7/1/2014,4:00,"376 President St Red Hook, BK",B00256
7/1/2014,4:00,"4 madrid court Mount Sinai, LI",B00256
7/1/2014,4:00,131 Dudley Street Jersey City,B00256
7/1/2014,4:00,281 Avenue C Nyc,B00256
7/1/2014,4:00,46  W 73 St NYC,B00256
7/1/2014,4:00,401 7 AVE NYC,B01868
7/1/2014,4:00,"5-32 47 Ave Long Island City, QU",B00256
7/1/2014,4:00,"23 Fillmore Pl Williamsburg, BK",B00256
7/1/2014,4:15,340 E 80 St NYC,B01743
7/1/2014,4:15,65 E 76 ST NYC,B00256
7/1/2014,4:15,111 W 67 St NYC,B00256
7/1/2014,4:15,509 E 13 St NYC,B00256
7/1/2014,4:15,"132 N 1st Williamsburg, BK",B00256
7/1/2014,4:15,440 WEST END AVE NYC,B00256
7/1/2014,4:15,309 5 Ave NYC,B00256
7/1/2014,4:15,140 RIVERSIDE BLVD NYC,B00256
7/1/2014,4:15,225 W 83 ST NYC,B00256
7/1/2014,4:15,54 Orchard St NYC,B00256
7/1/2014,4:15,444 W 35 St NYC,B00256
7/1/2014,4:15,230 Riverside Dr NYC,B00256
7/1/2014,4:15,305 E 63 ST NYC,B00256
7/1/2014,4:15,163 St Nicholas Ave Nyc,B00256
7/1/2014,4:15,11 Charlton St New York,B00256
7/1/2014,4:15,160 W 66th St New York,B00256
7/1/2014,4:20,160 Riverside Blvd Nyc,B00256
7/1/2014,4:30,"191 Knickerbocker Road Englewood, NJ",B00256
7/1/2014,4:30,484 W 43 St NYC,B00256
7/1/2014,4:30,41 River Ter NYC,B00256
7/1/2014,4:30,"407 56 St West New York, NJ",B00256
7/1/2014,4:30,"555 MAIN ST Roosevelt Island, QU",B00256
7/1/2014,4:30,40 Harrison St Nyc,B00256
7/1/2014,4:30,350 W 51 St NYC,B00256
7/1/2014,4:30,2628 Broadway NYC,B00256
7/1/2014,4:30,166 E 63 ST NYC,B00256
7/1/2014,4:30,35 W 44 St Nyc,B00256
7/1/2014,4:30,250 W 89 St NYC,B00256
7/1/2014,4:30,242 E 15 ST NYC,B01868
7/1/2014,4:30,"906 Gerard Ave South Bronx, BX",B00256
7/1/2014,4:30,340 E 23 St NYC,B00256
7/1/2014,4:30,165 Pinehurst Ave NYC,B00256
7/1/2014,4:30,"2750 Homecrest Ave Sheepshead Bay, BK",B00256
7/1/2014,4:30,125 W 76 ST NYC,B00256
7/1/2014,4:30,160 E 28 ST NYC,B00256
7/1/2014,4:30,"11  kensington Place Roseland, NJ",B00256
7/1/2014,4:30,"4 VALLEY RD SYOSSET, LI",B00256
7/1/2014,4:30,"1307 Pacific Crown Heights, BK",B00256
7/1/2014,4:30,66 W 69 St Nyc,B00256
7/1/2014,4:30,300 W 55 St NYC,B00256
7/1/2014,4:30,200 Central Park S NYC,B01868
7/1/2014,4:30,311 E 11 St NYC,B00256
7/1/2014,4:30,"50 OTSEGO AVENUE New Rochelle ,NY.",B00256
7/1/2014,4:30,61 W 62 ST NYC,B00256
7/1/2014,4:30,356 W 58 ST NYC,B00256
7/1/2014,4:30,400 East 20th Street New York,B00256
7/1/2014,4:30,515 W 52 St Nyc,B00256
7/1/2014,4:30,357 Canal St NYC,B00256
7/1/2014,4:30,155 W 68 St NYC,B00256
7/1/2014,4:30,64 E 80 St Nyc,B00256
7/1/2014,4:30,350 E 62 St Nyc,B00256
7/1/2014,4:30,146 W 83 ST NYC,B00256
7/1/2014,4:30,"30 haller creccent Chestnut Ridge, NY",B00256
7/1/2014,4:30,53 Irving Place New York,B00256
7/1/2014,4:30,851 8 AVE NYC,B00256
7/1/2014,4:30,318 W 22 ST NYC,B00256
7/1/2014,4:40,"32-48 41 St Astoria, QU",B00256
7/1/2014,4:40,32 GRAND ST NYC,B00256
7/1/2014,4:45,55 W 86 St NYC,B00256
7/1/2014,4:45,681 Lexington Ave Nyc,B00256
7/1/2014,4:45,"15 Morris Court Summit, NJ",B00256
7/1/2014,4:45,"28  baraud road Scarsdale ,NY.",B00256
7/1/2014,4:45,811 7 AVE NYC,B00256
7/1/2014,4:45,"35 chipperfield court Todt Hill, SI",B00256
7/1/2014,4:45,118 W 57 ST NYC,B00256
7/1/2014,4:45,569  Lexington Ave NYC,B00256
7/1/2014,4:45,10 Waterside Plaza Nyc,B00256
7/1/2014,4:45,430 E 86 ST NYC,B00256
7/1/2014,4:45,1571 Lexington Ave NYC,B00256
7/1/2014,4:45,530 W 113 St NYC,B00256
7/1/2014,4:45,214 E 88 St NYC,B00256
7/1/2014,4:45,229  W 101 St NYC,B00256
7/1/2014,4:45,400 E 71 St NYC,B00256
7/1/2014,4:45,308 E 105 St Nyc,B00256
7/1/2014,4:45,"25 TWIN OAKS DRIVE Montvale, NJ",B00256
7/1/2014,4:45,"24 Grafton street Greenlawn, LI",B00256
7/1/2014,4:45,"185 prospect ave Hackensack, NJ",B00256
7/1/2014,4:45,201 W 77 St NYC,B00256
7/1/2014,4:45,243 W 15 ST NYC,B00256
7/1/2014,4:45,"5 jimmy court Somerset, NJ  ",B00256
7/1/2014,4:45,"1373 Ocean Pky Midwood, BK",B00256
7/1/2014,4:45,15 Broad St Nyc,B00256
7/1/2014,4:45,240 Riverside Blvd Nyc,B00256
7/1/2014,4:45,200 W 79 ST NYC,B00256
7/1/2014,4:45,756 Washington Street New York,B00256
7/1/2014,4:45,520 W 48 St Nyc,B00256
7/1/2014,4:45,50  Overlook Ter NYC,B00256
7/1/2014,4:45,114 W 117 St Nyc,B00256
7/1/2014,4:45,334 W 77 St NYC,B01868
7/1/2014,4:49,EWR,B00256
7/1/2014,4:50,167 E 67 St NYC,B00256
7/1/2014,4:50,78 Ridge St NYC,B00256
7/1/2014,4:56,EWR,B00256
7/1/2014,5:00,55 BETHUNE ST NYC,B00256
7/1/2014,5:00,28 W 38 St NYC,B00256
7/1/2014,5:00,"1254 Union St Flatbush, BK",B00256
7/1/2014,5:00,"404 Washington Ave Adelphi, BK",B00256
7/1/2014,5:00,"111 Sullivan Red Hook, BK",B00256
7/1/2014,5:00,342 W 71 St Nyc,B00256
7/1/2014,5:00,235 W 56 ST NYC,B00256
7/1/2014,5:00,375 WEST END AVE NYC,B00256
7/1/2014,5:00,"9818 71st avenue Forest Hills, QU",B00256
7/1/2014,5:00,535 E 72 ST NYC,B00256
7/1/2014,5:00,8 E 83 ST NYC,B00256
7/1/2014,5:00,75 W 85 St NYC,B00256
7/1/2014,5:00,160 Riverside Blvd Nyc,B00256
7/1/2014,5:00,250 RIVERSIDE DR NYC,B00256
7/1/2014,5:00,530 West End Ave NYC,B00256
7/1/2014,5:00,680 Fort Washington Ave NYC,B00256
7/1/2014,5:00,307 W 106 St Nyc,B00256
7/1/2014,5:00,60 E 12 St Nyc,B00256
7/1/2014,5:00,119 E 97 St Nyc,B00256
7/1/2014,5:00,200 W 26 St NYC,B00256
7/1/2014,5:00,44 W 63 St Nyc,B00256
7/1/2014,5:00,118  Christopher St NYC,B00256
7/1/2014,5:00,25 E 69 St Nyc,B01743
7/1/2014,5:00,10  Liberty St NYC,B00256
7/1/2014,5:00,45 W 67 St NYC,B00256
7/1/2014,5:00,"106 RIVERVIEW AVENUE Tarrytown ,NY.",B00256
7/1/2014,5:00,301 Elizabeth St Nyc,B00256
7/1/2014,5:00,124 West 60th Street New York,B00256
7/1/2014,5:00,"10440 Queens Blvd Forest Hills, QU",B00256
7/1/2014,5:00,331 W 43 St Nyc,B00256
7/1/2014,5:00,226 W 16 St Nyc,B00256
7/1/2014,5:00,"86-10 109 St Richmond Hill, QU",B00256
7/1/2014,5:00,15 William St Nyc,B00256
7/1/2014,5:10,"1622 48 St New Utrecht, BK",B00256
7/1/2014,5:10,15 PARK ROW NYC,B00256
7/1/2014,5:15,108 READE ST NYC,B00256
7/1/2014,5:15,33 W 81 St Nyc,B00256
7/1/2014,5:15,342 E 67 St Nyc,B00256
7/1/2014,5:15,140 Riverside Blvd NYC,B00256
7/1/2014,5:15,165 Christopher St NYC,B00256
7/1/2014,5:15,219 E 69 St NYC,B00256
7/1/2014,5:15,"115 russell st White Plains ,NY.",B00256
7/1/2014,5:15,9  E 96 St NYC,B00256
7/1/2014,5:15,101 Cooper St Nyc,B00256
7/1/2014,5:15,160 West End Ave Nyc,B00256
7/1/2014,5:15,"282 Leonard St Williamsburg, BK",B00256
7/1/2014,5:15,303 E 37 St Nyc,B00256
7/1/2014,5:15,201  E 87th St New York,B00256
7/1/2014,5:15,219 E 25 St NYC,B00256
7/1/2014,5:15,59 W 73 St NYC,B00256
7/1/2014,5:15,"53-51 66 St Maspeth, QU",B01743
7/1/2014,5:15,504 E 79 St NYC,B00256
7/1/2014,5:15,"171 Ocean Ave Rosebank, SI",B00256
7/1/2014,5:15,"364 Kirkman Avenue Elmont, LI",B00256
7/1/2014,5:20,205 W 76 St Nyc,B00256
7/1/2014,5:20,515 E 85 St Nyc,B00256
7/1/2014,5:26,202 W 122 St Nyc,B00256
7/1/2014,5:30,"43 Oakley Drive Huntington Station, ",B00256
7/1/2014,5:30,20 W 84 St NYC,B00256
7/1/2014,5:30,870 7 AVE NYC,B00256
7/1/2014,5:30,210 E 65 St///CONFIRMED- Nyc,B00256
7/1/2014,5:30,101 W 12 ST NYC,B00256
7/1/2014,5:30,11 E 131 St NYC,B00256
7/1/2014,5:30,320 CENTRAL PARK W NYC,B00256
7/1/2014,5:30,365 WEST END AVE NYC,B00256
7/1/2014,5:30,321 E 22 St NYC,B00256
7/1/2014,5:30,80 Park Avenue New York,B00256
7/1/2014,5:30,301 E 73 St NYC,B00256
7/1/2014,5:30,535 E 86 St NYC,B00256
7/1/2014,5:30,233 E 69 St NYC,B00256
7/1/2014,5:30,"24 LOCUST AVE Islip, LI",B00256
7/1/2014,5:30,160 E 65 ST NYC,B01743
7/1/2014,5:30,54 Pine St NYC,B00256
7/1/2014,5:30,525 Lexington Ave Nyc,B00256
7/1/2014,5:30,7 Gracie Sq NYC,B00256
7/1/2014,5:30,"1500 Hudson Street Hoboken, NJ",B00256
7/1/2014,5:30,83 Wooster St NYC,B00256
7/1/2014,5:30,135 E 54 ST NYC,B00256
7/1/2014,5:30,210 E 68 St Nyc,B00256
7/1/2014,5:30,63 E 9 ST NYC,B00256
7/1/2014,5:30,160 W 96 ST NYC,B00256
7/1/2014,5:30,303 E 43 ST NYC,B00256
7/1/2014,5:30,"7 norman circle Madison, NJ",B00256
7/1/2014,5:30,300 E 33 St NYC,B00256
7/1/2014,5:30,401 Edgecombe Ave Nyc,B00256
7/1/2014,5:30,350 E 67 St Nyc,B00256
7/1/2014,5:30,2235 5 Ave Nyc,B00256
7/1/2014,5:30,"8 Oak Valley Lane Purchase ,NY.",B00256
7/1/2014,5:30,200 E 58 St NYC,B00256
7/1/2014,5:30,100 Jane St Nyc,B00256
7/1/2014,5:30,409 E 64 St Nyc,B00256
7/1/2014,5:35,375 RIVERSIDE DR NYC,B00256
7/1/2014,5:36,JFK,B00256
7/1/2014,5:37,JFK,B00256
7/1/2014,5:40,130 East End Ave NYC,B00256
7/1/2014,5:45,200 E 33 St NYC,B00256
7/1/2014,5:45,127 E 10 St NYC,B00256
7/1/2014,5:45,"3  Forest Park Circle Lakewood, NJ",B00256
7/1/2014,5:45,315 E 68 St Nyc,B01743
7/1/2014,5:45,"12 TERRICH CT Ossining ,NY.",B00256
7/1/2014,5:45,26 2 Ave NYC,B00256
7/1/2014,5:45,205 E 22 St NYC,B00256
7/1/2014,5:45,245 East 63rd Street New York,B00256
7/1/2014,5:45,5 E 22 St NYC,B00256
7/1/2014,5:45,102 W 85 ST NYC,B00256
7/1/2014,5:45,310 West End Ave NYC,B00256
7/1/2014,5:45,"332 Rutland Road Flatbush, BK",B00256
7/1/2014,5:45,525 E 86 St NYC,B00256
7/1/2014,5:45,251 W 89 St Nyc,B00256
7/1/2014,5:45,307 E 12 St Nyc,B00256
7/1/2014,5:45,343 E 74 St NYC,B00256
7/1/2014,5:45,301 PARK AVE NYC,B00256
7/1/2014,5:45,245 W 107 ST NYC,B00256
7/1/2014,5:45,152 E 94 ST NYC,B00256
7/1/2014,5:45,54 Harriet Ln Huntington,B00256
7/1/2014,5:45,"941 103rd street Canarsie, BK",B00256
7/1/2014,5:45,124 east 28th street NYC,B00256
7/1/2014,5:45,35 E 18 St NYC,B00256
7/1/2014,5:45,510 W 170 St Nyc,B00256
7/1/2014,5:48,JFK,B00256
7/1/2014,5:50,201 W 107 ST NYC,B00256
7/1/2014,5:50,171 E 84 St Nyc,B00256
7/1/2014,5:50,610 W 163rd St New York,B00256
7/1/2014,5:50,6 Varick St Nyc,B00256
7/1/2014,5:50,515 Broadway Nyc,B00256
7/1/2014,5:50,JFK,B00256
7/1/2014,5:50,"1484 LAMBERTS MILL RD  Scotch Plains, NJ",B00256
7/1/2014,5:54,EWR,B00256
7/1/2014,5:59,EWR,B00256
7/1/2014,6:00,24 BENNETT AVE NYC,B00256
7/1/2014,6:00,200 E 16 ST NYC,B00256
7/1/2014,6:00,40 E 9 ST NYC,B00256
7/1/2014,6:00,"157  darlington ave Huguenot, SI",B00256
7/1/2014,6:00,425 E 58 St NYC,B00256
7/1/2014,6:00,175 Riverside Dr NYC,B00256
7/1/2014,6:00,395 South End Avenue New York,B00256
7/1/2014,6:00,235 W 56 St Nyc,B00256
7/1/2014,6:00,251 W 89 ST NYC,B00256
7/1/2014,6:00,285 RIVERSIDE DR NYC,B00256
7/1/2014,6:00,105  Mac Dougal St NYC,B00256
7/1/2014,6:00,157 W 79 ST NYC,B00256
7/1/2014,6:00,250 W 104 St NYC,B00256
7/1/2014,6:00,2 Horatio St New York,B00256
7/1/2014,6:00,"1089 Ralph Ave Canarsie, BK",B00256
7/1/2014,6:00,1993 3 Ave Nyc,B00256
7/1/2014,6:00,"5903 69th ave Ridgewood, QU",B00256
7/1/2014,6:00,481 8 Ave NYC,B00256
7/1/2014,6:00,175 E 96 ST NYC,B00256
7/1/2014,6:00,344 E 87 St NYC,B00256
7/1/2014,6:00,10 Hanover Square New York,B00256
7/1/2014,6:00,500 East 77th Street New York,B00256
7/1/2014,6:00,2628 Broadway Nyc,B00256
7/1/2014,6:00,535 W 23 St NYC,B00256
7/1/2014,6:00,315 E 68 ST NYC,B00256
7/1/2014,6:00,175 W 87 St Nyc,B00256
7/1/2014,6:00,143 E 36 St NYC,B00256
7/1/2014,6:00,251 W 74 St Nyc,B00256
7/1/2014,6:00,"31 old mill lane Ardsley ,NY.",B00256
7/1/2014,6:00,420 E 54 St Nyc,B00256
7/1/2014,6:00,275 W 96 ST NYC,B00256
7/1/2014,6:00,68 Bradhurst Ave Nyc,B00256
7/1/2014,6:00,EWR,B00256
7/1/2014,6:00,325 E 64 St Nyc,B00256
7/1/2014,6:00,274 1 Ave NYC,B00256
7/1/2014,6:00,101 W 55 St Nyc,B00256
7/1/2014,6:00,299 Park Ave Nyc,B00256
7/1/2014,6:02,JFK,B00256
7/1/2014,6:15,222 Riverside Dr Nyc,B00256
7/1/2014,6:15,114 Morningside Dr NYC,B00256
7/1/2014,6:15,1470 AMSTERDAM AVE NYC,B00256
7/1/2014,6:15,250 W 94 ST NYC,B00256
7/1/2014,6:15,333 E 34 St Nyc,B00256
7/1/2014,6:15,11 Riverside Dr NYC,B00256
7/1/2014,6:15,2 Tudor City Pl NYC,B00256
7/1/2014,6:15,360 E 55 St NYC,B00256
7/1/2014,6:15,"257 Gold St Brooklyn Heights, BK",B00256
7/1/2014,6:15,13 W 106 St Nyc,B00256
7/1/2014,6:15,102 W 73 St NYC,B00256
7/1/2014,6:15,9 Murray St NYC,B00256
7/1/2014,6:15,"465 7 St Park Slope, BK",B00256
7/1/2014,6:15,320 W 86 St Nyc,B00256
7/1/2014,6:15,148 READE ST NYC,B00256
7/1/2014,6:15,"4735 39 Pl Long Island City, QU",B00256
7/1/2014,6:15,"26 LOHS PLACE HARRINGTON PK, NJ",B00256
7/1/2014,6:15,116 W 72nd St New York,B00256
7/1/2014,6:20,414  W 46 ST NYC,B00256
7/1/2014,6:28,JFK,B00256
7/1/2014,6:30,EWR,B00256
7/1/2014,6:30,106 Spring St NYC,B00256
7/1/2014,6:30,"645 E 26 St Flatlands, BK",B00256
7/1/2014,6:30,522 WEST END AVE NYC,B00256
7/1/2014,6:30,300 E 74 ST NYC,B00256
7/1/2014,6:30,212 E 42 St Nyc,B00256
7/1/2014,6:30,"633 Olmstead Ave Unionport, BX",B00256
7/1/2014,6:30,321 E 12 St NYC,B00256
7/1/2014,6:30,624 E 20 St Nyc,B00256
7/1/2014,6:30,"1005 Reads Ln Far Rockaway, QU",B00256
7/1/2014,6:30,408 W 48 St Nyc,B00256
7/1/2014,6:30,1751 2 AVE NYC,B00256
7/1/2014,6:30,"14 WANDERING WAY Smithtown, LI",B00256
7/1/2014,6:30,101 W 12 ST NYC,B00256
7/1/2014,6:30,325 W 100 ST NYC,B00256
7/1/2014,6:30,6 W 77 St NYC,B00256
7/1/2014,6:30,8 Spruce St New York,B00256
7/1/2014,6:30,23 W 71 St NYC,B00256
7/1/2014,6:30,340 E 29 St NYC,B00256
7/1/2014,6:30,81 Irving Pl NYC,B00256
7/1/2014,6:30,229 E 29 St NYC,B00256
7/1/2014,6:30,425 E 79 ST NYC,B00256
7/1/2014,6:30,315 E 77 ST NYC,B00256
7/1/2014,6:30,41 W 82 St NYC,B00256
7/1/2014,6:30,711 West End Ave NYC,B00256
7/1/2014,6:30,"130 Post Ave, Post Ave Westbury",B00256
7/1/2014,6:30,73-99 W Sheffield Ave Englewood,B00256
7/1/2014,6:30,37 Overlook Ter Nyc,B00256
7/1/2014,6:30,247 W 46 St NYC,B00256
7/1/2014,6:30,75 Ellwood St Nyc,B00256
7/1/2014,6:30,"183-40 Arcade Ave St. Albans, QU",B00256
7/1/2014,6:30,47-26 49th Street Queens,B00256
7/1/2014,6:30,353 W 22 St Nyc,B00256
7/1/2014,6:40,17 W 74 ST NYC,B00256
7/1/2014,6:45,775 Columbus Ave NYC,B00256
7/1/2014,6:45,340 W 87 ST NYC,B00256
7/1/2014,6:45,340 E 64 St NYC,B00256
7/1/2014,6:45,25 W 13 ST Nyc,B00256
7/1/2014,6:45,504 W 111 St NYC,B00256
7/1/2014,6:45,306 W 94 St Nyc,B00256
7/1/2014,6:45,325 E 64 St NYC,B00256
7/1/2014,6:45,333 E 14 St NYC,B00256
7/1/2014,6:45,575 6 Ave NYC,B00256
7/1/2014,6:45,155 E 31 St NYC,B00256
7/1/2014,6:45,401 E 88 St Nyc,B00256
7/1/2014,6:45,1827 2 Ave Nyc,B00256
7/1/2014,6:45,215 E 96 St NYC,B00256
7/1/2014,6:45,229 W 60 St NYC,B00256
7/1/2014,6:45,230 CENTRAL PARK S NYC,B00256
7/1/2014,6:45,"23 yellow cote road Oyster Bay Cove, LI",B00256
7/1/2014,6:45,564 Amsterdam Ave NYC,B00256
7/1/2014,6:45,76 Charles St NYC,B00256
7/1/2014,6:45,305 W 98 St NYC,B00256
7/1/2014,6:45,180 West End Ave Nyc,B00256
7/1/2014,6:45,622 E 20 St NYC,B00256
7/1/2014,6:45,245 E 54 St NYC,B00256
7/1/2014,6:45,200 W 86 St Nyc,B00256
7/1/2014,6:45,"Right  7617 Aquatic Drive  Rockaway Beach, QU",B00256
7/1/2014,6:45,350 Manhattan Ave Nyc,B00256
7/1/2014,6:45,6 PETER COOPER RD NYC,B00256
7/1/2014,6:45,"213 Carlton Ave Fort Green, BK",B00256
7/1/2014,6:45,425 E 80 St Nyc,B00256
7/1/2014,6:47,EWR,B00256
7/1/2014,6:50,185 East 85th Street New York,B00256
7/1/2014,6:50,340 E 23 ST NYC,B00256
7/1/2014,6:55,240 E 35 St Nyc,B00256
7/1/2014,6:57,JFK,B00256
7/1/2014,7:00,"2917 Beltagh Wantagh, LI",B00256
7/1/2014,7:00,230 W 101 ST NYC,B00256
7/1/2014,7:00,100 W 27 St NYC,B00256
7/1/2014,7:00,"9010 Ditmars Blvd East Elmhurst, QU",B00256
7/1/2014,7:00,75 3 Ave Nyc,B00256
7/1/2014,7:00,"28-07 56 Pl Woodside, QU",B00256
7/1/2014,7:00,30 W 60 St NYC,B00256
7/1/2014,7:00,400 E 71 St Nyc,B00256
7/1/2014,7:00,1568 BROADWAY NYC,B00256
7/1/2014,7:00,123 W 74 ST NYC,B01868
7/1/2014,7:00,69 Charles St Nyc,B00256
7/1/2014,7:00,"37 STRATFORD ROAD Scarsdale ,NY.",B00256
7/1/2014,7:00,2528 BROADWAY NYC,B00256
7/1/2014,7:00,333 E 57 ST NYC,B00256
7/1/2014,7:00,104 E 36 St NYC,B01868
7/1/2014,7:00,230 E 79 ST NYC,B00256
7/1/2014,7:00,"260 5 Ave Park Slope, BK",B00256
7/1/2014,7:00,"175 BLOOMNGFIELD ROAD White Plains ,NY.",B00256
7/1/2014,7:00,736 W 187 St NYC,B00256
7/1/2014,7:00,1568 Broadway NYC,B00256
7/1/2014,7:00,204 W 23 St NYC,B01743
7/1/2014,7:00,26 PERRY ST NYC,B00256
7/1/2014,7:00,120 E 34 St Nyc,B00256
7/1/2014,7:00,447 Lexington Ave NYC,B00256
7/1/2014,7:00,145 W 58 ST NYC,B00256
7/1/2014,7:00,155 W 20 St Nyc,B00256
7/1/2014,7:00,308 W 50 St Nyc,B00256
7/1/2014,7:00,250 W 76 St NYC,B00256
7/1/2014,7:00,60 W 23 St Nyc,B00256
7/1/2014,7:00,118 CHAMBERS ST NYC,B00256
7/1/2014,7:00,240 E 79 St Nyc,B00256
7/1/2014,7:00,73 8 Ave NYC,B00256
7/1/2014,7:00,1605 BROADWAY NYC,B00256
7/1/2014,7:00,"7 Woods Way White Plains ,NY.",B00256
7/1/2014,7:00,2205 3 Ave Nyc,B00256
7/1/2014,7:00,235 W 46 ST NYC,B00256
7/1/2014,7:00,455 MADISON AVE NYC,B00256
7/1/2014,7:04,JFK,B00256
7/1/2014,7:05,245 E 93 ST NYC,B00256
7/1/2014,7:05,5 E 98 St Nyc,B00256
7/1/2014,7:09,JFK,B00256
7/1/2014,7:09,JFK,B00256
7/1/2014,7:14,JFK,B00256
7/1/2014,7:14,LGA,B00256
7/1/2014,7:15,1675 York Ave NYC,B00256
7/1/2014,7:15,137 E 36 St NYC,B00256
7/1/2014,7:15,21 West St NYC,B00256
7/1/2014,7:15,235 E 2 St Nyc,B00256
7/1/2014,7:15,10 WATERSIDE PLAZA NYC,B00256
7/1/2014,7:15,229 W 60 ST NYC,B00256
7/1/2014,7:15,431 E 20 St Nyc,B00256
7/1/2014,7:15,"1949 WEST 8ST Coney Island, BK",B00256
7/1/2014,7:15,"4515 48th Street Woodside, QU",B00256
7/1/2014,7:15,52 East End Ave Nyc,B01868
7/1/2014,7:15,2178 Broadway Nyc,B00256
7/1/2014,7:15,303 E 83 St NYC,B00256
7/1/2014,7:15,505 W 37 St NYC,B00256
7/1/2014,7:15,222 W 14 ST NYC,B00256
7/1/2014,7:15,866 3 Ave Nyc,B00256
7/1/2014,7:15,152 E 55 St NYC,B00256
7/1/2014,7:15,1280 5 Ave NYC,B00256
7/1/2014,7:15,415 W 59 St NYC,B00256
7/1/2014,7:15,121 Reade St Nyc,B00256
7/1/2014,7:15,400 3 Ave Nyc,B00256
7/1/2014,7:15,"812 Franklin Ave Adelphi, BK",B00256
7/1/2014,7:15,JFK,B00256
7/1/2014,7:17,JFK,B00256
7/1/2014,7:20,45 West 60th Street New York,B00256
7/1/2014,7:22,LGA,B00256
7/1/2014,7:25,140 Riverside Blvd Nyc,B00256
7/1/2014,7:29,JFK,B00256
7/1/2014,7:30,12 E 31 St Nyc,B00256
7/1/2014,7:30,"340 eastwood road Woodmere, LI",B02026
7/1/2014,7:30,40 W 45 ST NYC,B00256
7/1/2014,7:30,1335 6 AVE NYC,B00256
7/1/2014,7:30,345 E 94 St Nyc,B00256
7/1/2014,7:30,75 Bank St NYC,B00256
7/1/2014,7:30,"6 100 baker ct unit 6 Island Park, LI",B00256
7/1/2014,7:30,200 W 102 St NYC,B00256
7/1/2014,7:30,1725 YORK AVE Nyc,B01743
7/1/2014,7:30,514 West End Ave NYC,B00256
7/1/2014,7:30,327 CENTRAL PARK W NYC,B00256
7/1/2014,7:30,122 E 28 ST NYC,B00256
7/1/2014,7:30,14 Hillside Ave Lynbrook,B00256
7/1/2014,7:30,30 CHRISTOPHER ST NYC,B00256
7/1/2014,7:30,"48 ASHLAND AVE West Orange, NJ",B00256
7/1/2014,7:30,121 W 72 St Nyc,B00256
7/1/2014,7:30,124 W 93 St NYC,B00256
7/1/2014,7:30,256 W 21 St Nyc,B00256
7/1/2014,7:30,"1320 Coney Island Ave Midwood, BK",B00256
7/1/2014,7:30,57 W 75 St Nyc,B00256
7/1/2014,7:30,230 W 79 St NYC,B00256
7/1/2014,7:30,117 W 69 St NYC,B00256
7/1/2014,7:30,255 W 94 St NYC,B00256
7/1/2014,7:30,231 E 53 St Nyc,B00256
7/1/2014,7:30,219 W 81 St Nyc,B00256
7/1/2014,7:30,215 W 84 St NYC,B00256
7/1/2014,7:30,94 E 4 ST NYC,B00256
7/1/2014,7:30,445 W 54 St Nyc,B00256
7/1/2014,7:30,"251 Wolfpit Ave Norwalk, CT",B00256
7/1/2014,7:30,"3301 Nostrand Ave Brooklyn Heights, BK",B00256
7/1/2014,7:30,JFK,B00256
7/1/2014,7:30,22 W 25 ST NYC,B00256
7/1/2014,7:30,900 West End Ave NYC,B00256
7/1/2014,7:30,409 EDGECOMBE AVE NYC,B00256
7/1/2014,7:30,450 6 Ave NYC,B00256
7/1/2014,7:30,25 EAST END AVE NYC,B00256
7/1/2014,7:30,441 West End Ave NYC,B00256
7/1/2014,7:30,166 E 34 St Nyc,B00256
7/1/2014,7:30,139 W 82 ST NYC,B00256
7/1/2014,7:30,140 West 22nd StrEET Nyc,B00256
7/1/2014,7:30,329 E 9 St Nyc,B00256
7/1/2014,7:30,1 Irving Pl Nyc,B00256
7/1/2014,7:31,"2401 shea blvd Massapequa, LI",B01743
7/1/2014,7:34,JFK,B00256
7/1/2014,7:35,235 W 75 St Nyc,B00256
7/1/2014,7:40,244 W 74 ST NYC,B00256
7/1/2014,7:40,240 E 79 ST NYC,B00256
7/1/2014,7:40,"69-81 108 St Forest Hills, QU",B00256
7/1/2014,7:45,444 E 84 St NYC,B00256
7/1/2014,7:45,142 West End Ave NYC,B00256
7/1/2014,7:45,254 E 68 ST NYC,B00256
7/1/2014,7:45,"21 Winding Lane Darien, CT",B00256
7/1/2014,7:45,515 W 59 ST NYC,B00256
7/1/2014,7:45,20 RIVER TER NYC,B00256
7/1/2014,7:45,2336 2 AVE NYC,B00256
7/1/2014,7:45,200 E 82 St NYC,B00256
7/1/2014,7:45,505 Greenwich St NYC,B00256
7/1/2014,7:45,308 E 105 St NYC,B00256
7/1/2014,7:45,1372 Broadway NYC,B00256
7/1/2014,7:45,400 5 Ave NYC,B00256
7/1/2014,7:45,76 W 69 St Nyc,B00256
7/1/2014,7:45,231 W 26 ST NYC,B00256
7/1/2014,7:45,365 West End Ave Nyc,B00256
7/1/2014,7:45,301 E 87 St NYC,B00256
7/1/2014,7:45,"460 Ovington Ave Bay Ridge, BK",B00256
7/1/2014,7:45,"97 Kane St Red Hook, BK",B00256
7/1/2014,7:45,116 John St Nyc,B00256
7/1/2014,7:48,JFK,B00256
7/1/2014,7:50,20 Waterside Plaza Nyc,B00256
7/1/2014,7:52,JFK,B00256
7/1/2014,7:55,2 Gold Street New York,B00256
7/1/2014,7:57,EWR,B00256
7/1/2014,8:00,201 E 79 ST (HOME ADDRES NYC,B00256
7/1/2014,8:00,178 E 80 St Nyc,B00256
7/1/2014,8:00,"290 OLD MONTAUK HIGHWAY  Montauk, LI",B00256
7/1/2014,8:00,318 W 51 St Nyc,B00256
7/1/2014,8:00,165 E 32 ST Nyc,B00256
7/1/2014,8:00,303 E 57 ST NYC,B00256
7/1/2014,8:00,405 W 23 St NYC,B00256
7/1/2014,8:00,61 W 62nd St New York,B01868
7/1/2014,8:00,121 W 72 ST NYC,B00256
7/1/2014,8:00,54 Watts Street New York,B00256
7/1/2014,8:00,429 Greenwich St Nyc,B00256
7/1/2014,8:00,435 E 79 St Nyc,B00256
7/1/2014,8:00,"50 CORELL ROAD Scarsdale ,NY.",B00256
7/1/2014,8:00,29 W 64 St Nyc,B00256
7/1/2014,8:00,136 E 76 ST NYC,B00256
7/1/2014,8:00,161 W 75 St Nyc,B00256
7/1/2014,8:00,20 W 64 St NYC,B00256
7/1/2014,8:00,1 EAST END AVE NYC,B00256
7/1/2014,8:00,"411 West Market St Long Beach, LI",B00256
7/1/2014,8:00,235 E 96 St Nyc,B00256
7/1/2014,8:00,330 5 Ave Nyc,B00256
7/1/2014,8:00,1520 YORK AVE Nyc,B00256
7/1/2014,8:00,"1598 Flatbush Ave Flatlands, BK",B00256
7/1/2014,8:00,302 W 12 St Nyc,B00256
7/1/2014,8:00,301  W 108th St New York,B00256
7/1/2014,8:00,230  Riverside Dr NYC,B00256
7/1/2014,8:00,237 W 54 St Nyc,B00256
7/1/2014,8:00,"178 Eagle St Greenpoint, BK",B00256
7/1/2014,8:00,307 E 8 ST NYC,B00256
7/1/2014,8:00,120 W 44th St New York,B00256
7/1/2014,8:00,514  E 83 St NYC,B00256
7/1/2014,8:00,145 W 96 St NYC,B00256
7/1/2014,8:00,240 E 10 St NYC,B00256
7/1/2014,8:00,400 E 20 St Nyc,B00256
7/1/2014,8:00,175 E 96 St NYC,B00256
7/1/2014,8:00,18  Stuyvesant Oval NYC,B00256
7/1/2014,8:00,308 West 93rd Street New York,B00256
7/1/2014,8:00,302 W 87 St NYC,B00256
7/1/2014,8:00,108 E 4 St Nyc,B00256
7/1/2014,8:00,21 E 52 ST NYC,B00256
7/1/2014,8:00,540 E 20 St Nyc,B00256
7/1/2014,8:00,12 Greene St NYC,B00256
7/1/2014,8:00,"579 St Johns Pl Adelphi, BK",B00256
7/1/2014,8:04,JFK,B00256
7/1/2014,8:05,520 E 72 ST NYC,B00256
7/1/2014,8:08,LGA,B00256
7/1/2014,8:12,LGA,B01743
7/1/2014,8:15,363 E 76 St Nyc,B00256
7/1/2014,8:15,247 E 28 St Nyc,B00256
7/1/2014,8:15,95 W 95 St NYC,B00256
7/1/2014,8:15,329 E 75 ST NYC,B00256
7/1/2014,8:15,100 W 26 ST NYC,B00256
7/1/2014,8:15,277 AVENUE C NYC,B00256
7/1/2014,8:15,250 W 102 St Nyc,B00256
7/1/2014,8:15,451 East 83rd Street New York,B00256
7/1/2014,8:15,550 West 45th Street New York,B00256
7/1/2014,8:15,8 W 72 ST NYC,B00256
7/1/2014,8:15,340 E 94 St Nyc,B00256
7/1/2014,8:15,524 W 123 St Nyc,B00256
7/1/2014,8:15,264 W 40 St NYC,B00256
7/1/2014,8:15,"131 washington street Hoboken, NJ",B00256
7/1/2014,8:15,"2960 Avenue R Homecrest, BK",B00256
7/1/2014,8:15,808 Columbus Ave NYC,B00256
7/1/2014,8:15,340 Riverside Dr Nyc,B00256
7/1/2014,8:15,56 East 120th Street New York,B00256
7/1/2014,8:15,305 W 28 ST NYC,B00256
7/1/2014,8:15,133 W 87 St Nyc,B00256
7/1/2014,8:17,LGA,B00256
7/1/2014,8:19,JFK,B00256
7/1/2014,8:20,430 E 6 ST NYC,B00256
7/1/2014,8:20,LGA,B00256
7/1/2014,8:20,EWR,B00256
7/1/2014,8:23,LGA,B00256
7/1/2014,8:25,300-398  E 21st St New York,B00256
7/1/2014,8:25,LGA,B00256
7/1/2014,8:26,LGA,B00256
7/1/2014,8:27,EWR,B00256
7/1/2014,8:28,1700 York Avenue New York,B00256
7/1/2014,8:30,228 W 47 ST NYC,B00256
7/1/2014,8:30,"343 gold st Fort Green, Bk",B00256
7/1/2014,8:30,55 W 44 St Nyc,B00256
7/1/2014,8:30,2300 Frederick Douglass B Nyc,B00256
7/1/2014,8:30,120 E 12 St NYC,B00256
7/1/2014,8:30,700 8 Ave NYC,B00256
7/1/2014,8:30,402 E 64 ST NYC,B00256
7/1/2014,8:30,"4615 Center Blvd Long Island City, QU",B00256
7/1/2014,8:30,390 1 AVE NYC,B00256
7/1/2014,8:30,60 Sutton Pl S Nyc,B00256
7/1/2014,8:30,150 E 69 St Nyc,B00256
7/1/2014,8:30,21 WEST ST NYC,B01743
7/1/2014,8:30,70 Park Ave Nyc,B00256
7/1/2014,8:30,121 W 28 St Nyc,B00256
7/1/2014,8:30,300  E 75th St New York,B00256
7/1/2014,8:30,99 E 4 St NYC,B00256
7/1/2014,8:30,305  E 24 St NYC,B00256
7/1/2014,8:30,858 WEST END AVE NYC,B00256
7/1/2014,8:30,410 E 92 ST NYC,B00256
7/1/2014,8:30,15 West 24th Street New York,B00256
7/1/2014,8:30,16 W 16 ST NYC,B00256
7/1/2014,8:30,45   Tudor City Pl Nyc,B00256
7/1/2014,8:30,135 E 71 St Nyc,B00256
7/1/2014,8:30,205 E 82 ST NYC,B00256
7/1/2014,8:30,137 E 38 St NYC,B00256
7/1/2014,8:30,445 E 80 ST NYC,B00256
7/1/2014,8:30,40 E 10 St NYC,B00256
7/1/2014,8:30,424 E 13 ST NYC,B00256
7/1/2014,8:30,788  Columbus Ave NYC,B00256
7/1/2014,8:30,560 1 Ave Nyc,B00256
7/1/2014,8:30,130 East End Ave Nyc,B00256
7/1/2014,8:30,165 E 89 St Nyc,B00256
7/1/2014,8:30,400 WEST END AVE NYC,B00256
7/1/2014,8:30,305 W 50 St Nyc,B00256
7/1/2014,8:30,420 E 86 St Nyc,B00256
7/1/2014,8:30,227 Mulberry St Nyc,B01868
7/1/2014,8:30,866 3 Ave NYC,B00256
7/1/2014,8:30,601 W 113 St NYC,B00256
7/1/2014,8:30,61 JANE ST NYC,B00256
7/1/2014,8:30,27 W 11 ST NYC,B00256
7/1/2014,8:30,317 E 78 St NYC,B00256
7/1/2014,8:30,311 W 50 St Nyc,B00256
7/1/2014,8:35,213 W 23 St Nyc,B00256
7/1/2014,8:35,123 E 112 St Nyc,B00256
7/1/2014,8:36,EWR,B00256
7/1/2014,8:40,66 E 99 St Nyc,B00256
7/1/2014,8:40,506 E 13 St Nyc,B00256
7/1/2014,8:40,1540 York Avenue New York,B00256
7/1/2014,8:40,1675 York Avenue New York,B00256
7/1/2014,8:42,200 West 56th Street New York,B00256
7/1/2014,8:42,JFK,B00256
7/1/2014,8:44,8 Spruce Street New York,B00256
7/1/2014,8:45,JFK,B00256
7/1/2014,8:45,71 MERCER ST NYC,B00256
7/1/2014,8:45,511 Lexington Ave NYC,B00256
7/1/2014,8:45,1520 York Ave Nyc,B00256
7/1/2014,8:45,425 E 63 ST Nyc,B00256
7/1/2014,8:45,79 E 125 St NYC,B00256
7/1/2014,8:45,1623 3 Ave NYC,B01743
7/1/2014,8:45,333 E 79 ST NYC,B00256
7/1/2014,8:45,201 E 19 ST Nyc,B00256
7/1/2014,8:45,12 White St New York,B00256
7/1/2014,8:45,240 Riverside Blvd Nyc,B00256
7/1/2014,8:45,245 W 74 ST NYC,B00256
7/1/2014,8:45,171 E 84 St NYC,B00256
7/1/2014,8:45,25  Charles St NYC,B00256
7/1/2014,8:45,200 CENTRAL PARK S NYC,B00256
7/1/2014,8:45,"50 N 5 St Williamsburg, BK",B00256
7/1/2014,8:45,515 E 79 ST NYC,B00256
7/1/2014,8:45,935 St Nicholas Ave Nyc,B00256
7/1/2014,8:45,1365 York Ave NYC,B00256
7/1/2014,8:45,310 E 90 ST NYC,B00256
7/1/2014,8:45,601 E 20 St Nyc,B00256
7/1/2014,8:45,1965 Broadway Nyc,B00256
7/1/2014,8:45,320 W 38 St NYC,B00256
7/1/2014,8:45,169 E 69 St NYC,B00256
7/1/2014,8:45,225 Rector Pl NYC,B00256
7/1/2014,8:45,410 E 20 St Nyc,B00256
7/1/2014,8:45,250 E 49 St NYC,B00256
7/1/2014,8:45,560 W 43 St Nyc,B00256
7/1/2014,8:45,522 E 20 St Nyc,B00256
7/1/2014,8:45,160 Bennett Ave NYC,B00256
7/1/2014,8:45,1535 Broadway New York,B00256
7/1/2014,8:46,LGA,B00256
7/1/2014,8:50,424 West End Ave Nyc,B00256
7/1/2014,8:51,LGA,B00256
7/1/2014,8:58,JFK,B00256
7/1/2014,9:00,"162 Withers Street Williamsburg, BK",B00256
7/1/2014,9:00,401 E 89 ST NYC,B00256
7/1/2014,9:00,1700 York Ave Nyc,B00256
7/1/2014,9:00,888 8 Ave Nyc,B00256
7/1/2014,9:00,225 E 86 St NYC,B00256
7/1/2014,9:00,647 E 11 St NYC,B00256
7/1/2014,9:00,150 W 80 ST NYC,B00256
7/1/2014,9:00,1535 Broadway Nyc,B00256
7/1/2014,9:00,2025 Broadway Nyc,B00256
7/1/2014,9:00,"196 Park Ave Leonia, NJ",B00256
7/1/2014,9:00,301 PARK AVE NYC,B00256
7/1/2014,9:00,830 8 Ave NYC,B00256
7/1/2014,9:00,519 E 6 St Nyc,B00256
7/1/2014,9:00,355 South End Ave NYC,B00256
7/1/2014,9:00,440 E 79 St Nyc,B00256
7/1/2014,9:00,40 SUTTON PL NYC,B01868
7/1/2014,9:00,111 Fulton St NYC,B00256
7/1/2014,9:00,115 E 87 ST NYC,B00256
7/1/2014,9:00,510 E 23 ST/   1ST AVE NYC,B01868
7/1/2014,9:00,109 E 42 ST NYC,B00256
7/1/2014,9:00,365 PARK AVE S NYC,B00256
7/1/2014,9:00,144  E 36 St NYC,B00256
7/1/2014,9:00,1 WASHINGTON SQ VILLAG NYC,B00256
7/1/2014,9:00,50 CENTRAL PARK W NYC,B00256
7/1/2014,9:00,363 Bleecker St NYC,B01868
7/1/2014,9:00,245 E 63 St NYC,B00256
7/1/2014,9:00,"4 OAKDALE DR Westbury, LI",B00256
7/1/2014,9:00,65 CENTRAL PARK W NYC,B00256
7/1/2014,9:00,61 W 62 St Nyc,B00256
7/1/2014,9:00,404 E 86 St Nyc,B00256
7/1/2014,9:00,1800 E Putnam Ave Old Greenwich,B00256
7/1/2014,9:00,416 E 11 St Nyc,B00256
7/1/2014,9:00,"175 BLOOMINGDALE RD White Plains ,NY.",B00256
7/1/2014,9:00,329 E 94 St NYC,B00256
7/1/2014,9:00,445 LAFAYETTE ST NYC,B00256
7/1/2014,9:00,155 W 68 St NYC,B00256
7/1/2014,9:00,"275 SUMMER ST Stamford, CT",B00256
7/1/2014,9:00,50 Murray Street New York,B01743
7/1/2014,9:00,270 W 43 ST NYC,B00256
7/1/2014,9:00,167 Eldridge St NYC,B00256
7/1/2014,9:00,172 E 4 ST NYC,B00256
7/1/2014,9:00,444 E 82 St Nyc,B00256
7/1/2014,9:00,633 E 11 St NYC,B00256
7/1/2014,9:00,166 W 123 St NYC,B00256
7/1/2014,9:00,350 W 12 St Nyc,B00256
7/1/2014,9:00,40 E 10 St Nyc,B00256
7/1/2014,9:00,60 W 57 ST NYC,B00256
7/1/2014,9:00,309 5 Ave NYC,B00256
7/1/2014,9:00,1115 5 Ave NYC,B00256
7/1/2014,9:00,"3435 76 St Jackson Heights, QU",B00256
7/1/2014,9:00,101 W 79 ST NYC,B00256
7/1/2014,9:00,1535 Broadway New York,B00256
7/1/2014,9:00,3 Sheridan Square Nyc,B00256
7/1/2014,9:00,160 W 77 ST NYC,B00256
7/1/2014,9:00,135 W 45 St Nyc,B00256
7/1/2014,9:00,237 W 54 St Nyc,B00256
7/1/2014,9:00,120 E 39 ST NYC,B00256
7/1/2014,9:00,599 W 190 St NYC,B00256
7/1/2014,9:00,360 E 88 St Nyc,B00256
7/1/2014,9:00,"83 N. Fordham Rd.  Hicksville, LI",B00256
7/1/2014,9:00,3 Hanover Sq Nyc,B00256
7/1/2014,9:00,502 W 141 St Nyc,B00256
7/1/2014,9:02,LGA,B00256
7/1/2014,9:04,626 West End Avenue New York,B00256
7/1/2014,9:05,534 E 11 ST NYC,B00256
7/1/2014,9:05,147 W 43 ST NYC,B00256
7/1/2014,9:07,LGA,B00256
7/1/2014,9:09,JFK,B00256
7/1/2014,9:10,152 W 76 St Nyc,B00256
7/1/2014,9:10,20 E 9 St Nyc,B00256
7/1/2014,9:10,353 E 83 ST NYC,B00256
7/1/2014,9:10,123 E 15 St Nyc,B00256
7/1/2014,9:12,LGA,B00256
7/1/2014,9:15,130 W 46 ST NYC,B00256
7/1/2014,9:15,1619 3 Ave NYC,B00256
7/1/2014,9:15,108 E 96 St NYC,B00256
7/1/2014,9:15,95 Pitt St NYC,B00256
7/1/2014,9:15,220  E 26 St NYC,B00256
7/1/2014,9:15,306 E 91 ST NYC,B00256
7/1/2014,9:15,80 East End Avenue New York,B00256
7/1/2014,9:15,LGA,B00256
7/1/2014,9:15,484 W 43 ST NYC,B00256
7/1/2014,9:15,109 W 89 ST NYC,B00256
7/1/2014,9:15,455 NORTH END AVE NYC,B00256
7/1/2014,9:15,30 W 61 St NYC,B00256
7/1/2014,9:15,7 W 81 St Nyc,B00256
7/1/2014,9:15,1675 York Ave Nyc,B00256
7/1/2014,9:15,8 W 72 St Nyc,B00256
7/1/2014,9:15,1438 3 Ave Nyc,B00256
7/1/2014,9:15,709 W 176 St NYC,B00256
7/1/2014,9:15,400 E 56 ST NYC,B00256
7/1/2014,9:15,11 E 76 St Nyc,B00256
7/1/2014,9:15,215 E 68 ST Nyc,B00256
7/1/2014,9:15,"1349 new field  ave  Stamford, CT",B00256
7/1/2014,9:15,179 E 70 ST NYC,B00256
7/1/2014,9:15,85 W Broadway Nyc,B00256
7/1/2014,9:18,JFK,B00256
7/1/2014,9:19,JFK,B00256
7/1/2014,9:20,LGA,B00256
7/1/2014,9:20,"87-06 159 AVE HOWARD BEACH, QU",B00256
7/1/2014,9:20,424 E 85 St NYC,B00256
7/1/2014,9:20,"59 Kent St Greenpoint, BK",B00256
7/1/2014,9:20,LGA,B00256
7/1/2014,9:25,205 E 86 St Nyc,B00256
7/1/2014,9:27,EWR,B00256
7/1/2014,9:27,LGA,B00256
7/1/2014,9:29,LGA,B00256
7/1/2014,9:30,167 E 82 St Nyc,B00256
7/1/2014,9:30,59 W 35 ST NYC,B01868
7/1/2014,9:30,"905 River Road Edgewater, NJ",B00256
7/1/2014,9:30,447 E 52 St Nyc,B00256
7/1/2014,9:30,"1171 Ossipee Rd West Hempstead, LI",B00256
7/1/2014,9:30,2 South End Ave NYC,B00256
7/1/2014,9:30,340 E 94 ST NYC,B00256
7/1/2014,9:30,"540 washington boulevard JERSEY CITY, NJ",B00256
7/1/2014,9:30,130 W 46 St Nyc,B00256
7/1/2014,9:30,305 E 40 ST NYC,B00256
7/1/2014,9:30,196 E 75 ST NYC,B00256
7/1/2014,9:30,142 WEST END AVE NYC,B00256
7/1/2014,9:30,101 W 55 St Nyc,B00256
7/1/2014,9:30,599 West End Ave Nyc,B00256
7/1/2014,9:30,414 E 52 ST NYC,B00256
7/1/2014,9:30,333 E 79 St NYC,B00256
7/1/2014,9:30,7 E 85 St NYC,B00256
7/1/2014,9:30,4 WASHINGTON SQ VILLAG NYC,B00256
7/1/2014,9:30,1535 BROADWAY NYC,B00256
7/1/2014,9:30,60 E 8 ST NYC,B00256
7/1/2014,9:30,233 W 77 ST NYC,B00256
7/1/2014,9:30,830  BROADWAY NYC,B00256
7/1/2014,9:30,78 E 1 St NYC,B00256
7/1/2014,9:30,345 E 69 ST NYC,B00256
7/1/2014,9:30,515  W 59 St NYC,B00256
7/1/2014,9:30,218 W 50 St NYC,B00256
7/1/2014,9:30,35 E 12 St NYC,B00256
7/1/2014,9:30,20 E 9 St Nyc,B00256
7/1/2014,9:30,328 E 95 St NYC,B00256
7/1/2014,9:30,615 W 136 St NYC,B00256
7/1/2014,9:30,"75 Livingston St Brooklyn Heights, BK",B00256
7/1/2014,9:30,211 North End Ave NYC,B00256
7/1/2014,9:30,21 W 86 St NYC,B00256
7/1/2014,9:30,45 W 44 ST NYC,B00256
7/1/2014,9:30,200 E 66 ST NYC,B00256
7/1/2014,9:30,150 W 82 St Nyc,B00256
7/1/2014,9:39,JFK,B00256
7/1/2014,9:39,JFK,B00256
7/1/2014,9:40,35 W 96 ST NYC,B00256
7/1/2014,9:45,204 W Houston St NYC,B00256
7/1/2014,9:45,100 RIVERSIDE DR Nyc,B00256
7/1/2014,9:45,2 Sutton Pl S NYC,B00256
7/1/2014,9:45,125 E 50 St NYC,B00256
7/1/2014,9:45,427 E 89 ST NYC,B00256
7/1/2014,9:45,345 8 AVE Nyc,B00256
7/1/2014,9:45,235 W 22 ST NYC,B00256
7/1/2014,9:45,1 W 64 ST Nyc,B00256
7/1/2014,9:45,216 E 47 ST NYC,B00256
7/1/2014,9:45,15 CENTRAL PARK W NYC,B00256
7/1/2014,9:45,337 E 77 St NYC,B00256
7/1/2014,9:45,"31 RIVER COURT JERSEY CITY, NJ",B00256
7/1/2014,9:45,JFK,B00256
7/1/2014,9:45,315 E 65 St Nyc,B01868
7/1/2014,9:45,22 W 66 St Nyc,B00256
7/1/2014,9:45,725 hollydale rd  Fairfield CT,B00256
7/1/2014,9:45,356 W 58 ST NYC,B00256
7/1/2014,9:45,68 BRADHURST AVE NYC,B00256
7/1/2014,9:45,185 E 85 St Nyc,B00256
7/1/2014,9:45,649 2nd Avenue New York,B00256
7/1/2014,9:45,JFK,B00256
7/1/2014,9:46,EWR,B00256
7/1/2014,9:46,JFK,B00256
7/1/2014,9:50,68 W 106 St Nyc,B00256
7/1/2014,9:51,LGA,B00256
7/1/2014,9:51,LGA,B00256
7/1/2014,9:54,LGA,B00256
7/1/2014,9:58,LGA,B00256
7/1/2014,10:00,"  RED HOOK, BK",B00256
7/1/2014,10:00,"72 Bowne St Red Hook, BK",B00256
7/1/2014,10:00,111 E 56 ST NYC,B00256
7/1/2014,10:00,"54 Winding Way Morris Plains, NJ",B00256
7/1/2014,10:00,210 E 68 St NYC,B00256
7/1/2014,10:00,"80 Cedar Road Westbury, LI",B00256
7/1/2014,10:00,230 W 99 St NYC,B00256
7/1/2014,10:00,305 W 18 St Nyc,B00256
7/1/2014,10:00,455 MADISON AVE NYC,B00256
7/1/2014,10:00,400 E 52 ST NYC,B00256
7/1/2014,10:00,61 Jane St NYC,B00256
7/1/2014,10:00,190 WAVERLY PL NYC,B00256
7/1/2014,10:00,101 W 55 St Nyc,B00256
7/1/2014,10:00,1025 5 Ave NYC,B00256
7/1/2014,10:00,460 RIVERSIDE DR NYC,B00256
7/1/2014,10:00,530 E 20 St NYC,B00256
7/1/2014,10:00,223 W 70 St Nyc,B00256
7/1/2014,10:00,45 W 44 St NYC,B00256
7/1/2014,10:00,125 E 7 St Nyc,B00256
7/1/2014,10:00,190 E 72 ST NYC,B00256
7/1/2014,10:00,"5080 SUNRISE HIGHWAY Massapequa Park, LI",B00256
7/1/2014,10:00,50 E 89 ST NYC,B00256
7/1/2014,10:00,201 W 55 St NYC,B00256
7/1/2014,10:00,132 W 32 St Nyc,B00256
7/1/2014,10:00,255 W 90 ST NYC,B00256
7/1/2014,10:00,310 E 46 ST NYC,B00256
7/1/2014,10:00,"3713 E Tremont Ave Throgs Neck, BX",B00256
7/1/2014,10:00,"476 Bay Ridge Pky Bay Ridge, BK",B00256
7/1/2014,10:00,77 7 Ave Nyc,B00256
7/1/2014,10:00,601 WEST END AVE NYC,B00256
7/1/2014,10:00,363 E 76 St NYC,B00256
7/1/2014,10:00,300 E 56 St Nyc,B00256
7/1/2014,10:00,305 E 24 ST NYC,B00256
7/1/2014,10:00,157  E 2 St NYC,B00256
7/1/2014,10:00,345 E 86 St Nyc,B00256
7/1/2014,10:00,164  Mulberry St New York,B00256
7/1/2014,10:00,12 E 86 ST NYC,B00256
7/1/2014,10:00,363 W 16 ST NYC,B00256
7/1/2014,10:00,9 Crosby St Nyc,B00256
7/1/2014,10:00,325 W 86 ST NYC,B00256
7/1/2014,10:00,1725 YORK AVE NYC,B00256
7/1/2014,10:00,200 E 61 St Nyc,B00256
7/1/2014,10:00,222 E 51 St Nyc,B00256
7/1/2014,10:00,325 5 AVE NYC,B00256
7/1/2014,10:00,EWR,B00256
7/1/2014,10:02,LGA,B00256
7/1/2014,10:02,LGA,B00256
7/1/2014,10:03,LGA,B00256
7/1/2014,10:05,JFK,B00256
7/1/2014,10:10,121 Fulton St Nyc,B00256
7/1/2014,10:12,JFK,B00256
7/1/2014,10:15,43 W 32 ST NYC,B00256
7/1/2014,10:15,59 W 44 ST NYC,B00256
7/1/2014,10:15,126 E 92 St NYC,B00256
7/1/2014,10:15,251 E 32 St Nyc,B00256
7/1/2014,10:15,300 E 74 ST NYC,B00256
7/1/2014,10:15,1653  3 Ave NYC,B00256
7/1/2014,10:15,484 W 43 ST NYC,B00256
7/1/2014,10:15,501 E 87 ST NYC,B00256
7/1/2014,10:15,15 E 91 ST NYC,B00256
7/1/2014,10:15,230 W 55 St Nyc,B00256
7/1/2014,10:15,"608 E 2nd Street Kensington, BK",B00256
7/1/2014,10:15,7 LISPENARD ST NYC,B00256
7/1/2014,10:15,"70-25 Yellowstone Blvd Forest Hills, QU",B00256
7/1/2014,10:15,"401 NORTH BAY AVE  Beach Haven, NJ",B00256
7/1/2014,10:15,170 East End Avenue New York,B00256
7/1/2014,10:15,205 West End Ave Nyc,B00256
7/1/2014,10:16,LGA,B00256
7/1/2014,10:16,EWR,B00256
7/1/2014,10:22,EWR,B00256
7/1/2014,10:24,LGA,B01868
7/1/2014,10:25,EWR,B00256
7/1/2014,10:25,105 DUANE ST NYC,B00256
7/1/2014,10:25,461 CENTRAL PARK W NYC,B00256
7/1/2014,10:26,LGA,B00256
7/1/2014,10:30,310 W BROADWAY NYC,B00256
7/1/2014,10:30,"46 MAYHEW AVE Larchmont ,NY.",B00256
7/1/2014,10:30,120 W 105 St Nyc,B00256
7/1/2014,10:30,392 Central Park W Nyc,B00256
7/1/2014,10:30,1335 6 AVE NYC,B00256
7/1/2014,10:30,300 North End Ave Nyc,B00256
7/1/2014,10:30,210 W 90 St NYC,B00256
7/1/2014,10:30,"464 Classon Ave Adelphi, BK",B00256
7/1/2014,10:30,1995 Broadway Nyc,B00256
7/1/2014,10:30,147 Waverly Pl Nyc,B00256
7/1/2014,10:30,65 W 90 St Nyc,B00256
7/1/2014,10:30,245 E 19 ST NYC,B00256
7/1/2014,10:30,"51 Quaker Ridge Manhasset, LI",B00256
7/1/2014,10:30,"15 Hillpark Avenue Great Neck, LI",B00256
7/1/2014,10:30,58 E 79 ST NYC,B00256