Date,Time,PU_Address
7/1/2014,12:00:00 AM," 2396 Valentine Ave Fordham, BX"
7/1/2014,12:01:00 AM," 1859 Walton Ave Morris Heights, BX"
7/1/2014,12:02:00 AM," 2431 Jerome Ave Jerome, BX"
7/1/2014,12:05:00 AM," 3044 Valentine Ave Fordham, BX"
7/1/2014,12:05:00 AM," 1085 Nelson Ave High Bridge, BX"
7/1/2014,12:06:00 AM, 2185 Hone Ave Bronx
7/1/2014,12:07:00 AM,"BASE 170 W Fordham Rd Jerome, BX"
7/1/2014,12:09:00 AM," 2952 Marion Ave Fordham, BX"
7/1/2014,12:10:00 AM," 2251 Sedgwick Ave Jerome, BX"
7/1/2014,12:10:00 AM," 1608 Melville St Westfarms, BX"
7/1/2014,12:12:00 AM," 2304 Sedgwick Ave Jerome, BX"
7/1/2014,12:12:00 AM," 2085 Valentine Ave Tremont, BX"
7/1/2014,12:14:00 AM,"BASE 170 W Fordham Rd Jerome, BX"
7/1/2014,12:14:00 AM," 421 E 168th St Morrisania, BX"
7/1/2014,12:15:00 AM," 2055 Harrison Ave Morris Heights, BX"
7/1/2014,12:18:00 AM," 707 E 187th St Fordham, BX"
7/1/2014,12:18:00 AM,main 3716 10 Ave NYC
7/1/2014,12:21:00 AM,"HOTEL 1300 Sedgwick Ave High Bridge, BX"
7/1/2014,12:22:00 AM,"rest parrilla 2501 Webster Ave Fordham, BX"
7/1/2014,12:24:00 AM, 1520 Sedgwick Ave Bronx
7/1/2014,12:25:00 AM," 3308 Bailey Ave Kingsbridge, BX"
7/1/2014,12:27:00 AM," 2427 Webster Ave Fordham, BX"
7/1/2014,12:27:00 AM," 2309 Loring Pl N Jerome, BX"
7/1/2014,12:28:00 AM, 1344 Fulton Ave Bronx
7/1/2014,12:30:00 AM,"BASE 170 W Fordham Rd Jerome, BX"
7/1/2014,12:30:00 AM,"BASE 170 W Fordham Rd Jerome, BX"
7/1/2014,12:32:00 AM," 79 W 182nd St Morris Heights, BX"
7/1/2014,12:34:00 AM, 1045 Anderson Ave Bronx
7/1/2014,12:34:00 AM," 2262 Loring Pl N Jerome, BX"
7/1/2014,12:38:00 AM,"MENOR 2505 University Ave Jerome, BX"
7/1/2014,12:39:00 AM," 227 E 203rd St Fordham, BX"
7/1/2014,12:39:00 AM,"EMERGENCIA NE 3rd Ave Tremont, BX"
7/1/2014,12:39:00 AM," 2410 Walton Ave Jerome, BX"
7/1/2014,12:40:00 AM,METRO NORTH SW RIVER PARK TOWERS Bronx
7/1/2014,12:40:00 AM," 2515 University Ave Jerome, BX"
7/1/2014,12:40:00 AM," 60 E 196th St Jerome, BX"
7/1/2014,12:41:00 AM," 111 W 183rd St Morris Heights, BX"
7/1/2014,12:47:00 AM," 1820 Harrison Ave Morris Heights, BX"
7/1/2014,12:47:00 AM," 1460 Bronx River Ave Soundview, BX"
7/1/2014,12:47:00 AM," 39 W 183rd St Morris Heights, BX"
7/1/2014,12:47:00 AM,"REST LAS PALOMAS 2337 Grand Concourse Fordham, BX"
7/1/2014,12:49:00 AM, 1960 Holland Ave Bronx
7/1/2014,12:50:00 AM," 1675 Grand Concourse Tremont, BX"
7/1/2014,12:50:00 AM," 5 Minerva Pl Jerome, BX"
7/1/2014,12:52:00 AM," 2772 Valentine Ave Fordham, BX"
7/1/2014,12:52:00 AM," 1905 Andrews Ave S Morris Heights, BX"
7/1/2014,12:52:00 AM,"EMERGENCIA NE 3rd Ave Tremont, BX"
7/1/2014,12:52:00 AM," 2407 Morris Ave Jerome, BX"
7/1/2014,12:53:00 AM, 1505 Leland Ave Bronx
7/1/2014,12:56:00 AM,"BASE 170 W Fordham Rd Jerome, BX"
7/1/2014,12:57:00 AM, NW W 231st St Bronx
7/1/2014,12:57:00 AM," 1927 Hennessy Pl Morris Heights, BX"
7/1/2014,1:02:00 AM," 282 E Gun Hill Rd Williamsbridge, BX"
7/1/2014,1:02:00 AM," 1985 Webster Ave Tremont, BX"
7/1/2014,1:04:00 AM," 2686 Bailey Ave Kingsbridge, BX"
7/1/2014,1:08:00 AM,"BASE 170 W Fordham Rd Jerome, BX"
7/1/2014,1:08:00 AM," 1770 Andrews Ave S Morris Heights, BX"
7/1/2014,1:08:00 AM," 1520 Sedgwick Ave Morris Heights, BX"
7/1/2014,1:08:00 AM," 2312 Prospect Ave Fordham, BX"
7/1/2014,1:09:00 AM," NW W 231st St Kingsbridge, BX"
7/1/2014,1:11:00 AM," 4519 Matilda Ave Woodlawn, BX"
7/1/2014,1:13:00 AM," 2690 University Ave Jerome, BX"
7/1/2014,1:15:00 AM,"REST LIBERATO 1 W 183rd St Morris Heights, BX"
7/1/2014,1:15:00 AM,"REST LIBERATO 1 W 183rd St Morris Heights, BX"
7/1/2014,1:16:00 AM," 2290 University Ave Jerome, BX"
7/1/2014,1:19:00 AM, 3336 3rd Ave Bronx
7/1/2014,1:21:00 AM," 2311 Southern Blvd Westfarms, BX"
7/1/2014,1:23:00 AM," 3599 Bainbridge Ave Williamsbridge, BX"
7/1/2014,1:27:00 AM," 789 Astor Ave Williamsbridge, BX"
7/1/2014,1:34:00 AM,"BASE 170 W Fordham Rd Jerome, BX"
7/1/2014,1:35:00 AM," 2101 Cedar Ave Jerome, BX"
7/1/2014,1:37:00 AM," 1165 Evergreen Ave Soundview, BX"
7/1/2014,1:37:00 AM, 130 W 228 St NYC
7/1/2014,1:38:00 AM, 800 Concourse Village W Bronx
7/1/2014,1:39:00 AM, 1014 Longfellow Ave Bronx
7/1/2014,1:40:00 AM," 1878 Harrison Ave Morris Heights, BX"
7/1/2014,1:42:00 AM," 2881 Valentine Ave Fordham, BX"
7/1/2014,1:46:00 AM,"BASE 170 W Fordham Rd Jerome, BX"
7/1/2014,1:49:00 AM,"BASE 170 W Fordham Rd Jerome, BX"
7/1/2014,1:50:00 AM,"MAIN 2400 Sedgwick Ave Jerome, BX"
7/1/2014,1:55:00 AM," 2259 Loring Pl N Jerome, BX"
7/1/2014,1:55:00 AM," 2259 Loring Pl N Jerome, BX"
7/1/2014,1:56:00 AM," 779 Crotona Park N Westfarms, BX"
7/1/2014,1:56:00 AM,"DIAMANTE POBLANO 2431 Jerome Ave Jerome, BX"
7/1/2014,1:59:00 AM," 2295 Andrews Ave N Jerome, BX"
7/1/2014,2:02:00 AM," 1819 Palisade Pl Morris Heights, BX"
7/1/2014,2:03:00 AM, 190 W 170th St Bronx
7/1/2014,2:06:00 AM," 3599 Bainbridge Ave Williamsbridge, BX"
7/1/2014,2:10:00 AM," 2820 Morris Ave Jerome, BX"
7/1/2014,2:10:00 AM," 98 W 183rd St Morris Heights, BX"
7/1/2014,2:12:00 AM," 106 W 179th St Morris Heights, BX"
7/1/2014,2:22:00 AM,"TRAIN STATION NW W 242nd St Jerome, BX"
7/1/2014,2:22:00 AM,"car #155car no 155 1359 Lyman Pl Foxhurst, BX"
7/1/2014,2:24:00 AM," 2315 Loring Pl N Jerome, BX"
7/1/2014,2:27:00 AM," 79 W 182nd St Morris Heights, BX"
7/1/2014,2:30:00 AM, 1065 University Ave Bronx
7/1/2014,2:32:00 AM," 1460 Washington Ave Morrisania, BX"
7/1/2014,2:40:00 AM," 205 W Fordham Rd Jerome, BX"
7/1/2014,2:41:00 AM, 54 W 165th St Bronx
7/1/2014,2:41:00 AM," 1995 Sedgwick Ave Morris Heights, BX"
7/1/2014,2:42:00 AM,"7 FORDHAM HILL OVAL 2400 Sedgwick Ave Jerome, BX"
7/1/2014,2:48:00 AM,"MENOR 2695 Briggs Ave Fordham, BX"
7/1/2014,2:51:00 AM," 2726 Decatur Ave Fordham, BX"
7/1/2014,2:56:00 AM," 217 W 233rd St Kingsbridge, BX"
7/1/2014,2:58:00 AM,"BASE 170 W Fordham Rd Jerome, BX"
7/1/2014,3:02:00 AM,"BASE 170 W Fordham Rd Jerome, BX"
7/1/2014,3:08:00 AM, 975 Walton Ave Bronx
7/1/2014,3:09:00 AM, 975 Walton Ave Bronx
7/1/2014,3:09:00 AM, 1055 University Ave Bronx
7/1/2014,3:11:00 AM,"BASE 170 W Fordham Rd Jerome, BX"
7/1/2014,3:11:00 AM, 240 Mt Hope Pl Bronx
7/1/2014,3:15:00 AM,"BASE 170 W Fordham Rd Jerome, BX"
7/1/2014,3:17:00 AM," 79 W 182nd St Morris Heights, BX"
7/1/2014,3:20:00 AM,"#4 2400 Sedgwick Ave Jerome, BX"
7/1/2014,3:21:00 AM,"DIAMANTE POBLANO 2431 Jerome Ave Jerome, BX"
7/1/2014,3:22:00 AM," 102 W 183rd St Morris Heights, BX"
7/1/2014,3:26:00 AM,"4 FORDHAM HILL 2400 Sedgwick Ave Jerome, BX"
7/1/2014,3:27:00 AM," 102 W 183rd St Morris Heights, BX"
7/1/2014,3:28:00 AM," 1580 Pelham Pkwy S Morris Park, BX"
7/1/2014,3:38:00 AM," 2405 Marion Ave Fordham, BX"
7/1/2014,3:40:00 AM," 2000 Valentine Ave Tremont, BX"
7/1/2014,3:45:00 AM," 2780 Grand Concourse Fordham, BX"
7/1/2014,3:45:00 AM," 1124 E 165th St Foxhurst, BX"
7/1/2014,3:48:00 AM," 2135 Washington Ave Tremont, BX"
7/1/2014,3:51:00 AM, 1429 Prospect Ave Bronx
7/1/2014,3:57:00 AM,"BASE 170 W Fordham Rd Jerome, BX"
7/1/2014,4:01:00 AM," 1901 Loring Pl S Morris Heights, BX"
7/1/2014,4:04:00 AM,"O'SHEAS BAR 2960 Jerome Ave Jerome, BX"
7/1/2014,4:04:00 AM," 2105 Walton Ave Morris Heights, BX"
7/1/2014,4:04:00 AM," 740 Grand Concourse Cortlandt, BX"
7/1/2014,4:07:00 AM, 1472 Bryant Ave Bronx
7/1/2014,4:11:00 AM," 1950 Andrews Ave S Morris Heights, BX"
7/1/2014,4:16:00 AM," 1070 Ogden Ave High Bridge, BX"
7/1/2014,4:18:00 AM," 908 E 181st St Westfarms, BX"
7/1/2014,4:19:00 AM,"DIAMANTE POBLANO 2431 Jerome Ave Jerome, BX"
7/1/2014,4:24:00 AM," 190 W 170th St High Bridge, BX"
7/1/2014,4:25:00 AM," 2709 Heath Ave Kingsbridge, BX"
7/1/2014,4:27:00 AM, 507 E 161st St Bronx
7/1/2014,4:38:00 AM," 2557 Marion Ave Fordham, BX"
7/1/2014,4:41:00 AM," 2557 Marion Ave Fordham, BX"
7/1/2014,4:41:00 AM, 1438 Bryant Ave Bronx
7/1/2014,4:43:00 AM," 2720 Grand Concourse Fordham, BX"
7/1/2014,4:45:00 AM,"6 F H A 2400 Sedgwick Ave Jerome, BX"
7/1/2014,4:45:00 AM," 2765 Kingsbridge Ter Kingsbridge, BX"
7/1/2014,4:48:00 AM," 2310 Holland Ave Williamsbridge, BX"
7/1/2014,4:51:00 AM," 2720 Grand Concourse Fordham, BX"
7/1/2014,4:54:00 AM," 1675 University Ave Morris Heights, BX"
7/1/2014,5:06:00 AM,"BASE 170 W Fordham Rd Jerome, BX"
7/1/2014,5:11:00 AM," 1861 Sedgwick Ave Morris Heights, BX"
7/1/2014,5:14:00 AM," 2182 Bathgate Ave Tremont, BX"
7/1/2014,5:14:00 AM," 182 E 206th St Fordham, BX"
7/1/2014,5:20:00 AM,"#1 2400 Sedgwick Ave Jerome, BX"
7/1/2014,5:21:00 AM," 2552 University Ave Jerome, BX"
7/1/2014,5:27:00 AM,"DIAMANTE POBLANO 2431 Jerome Ave Jerome, BX"
7/1/2014,5:27:00 AM,"DIAMANTE POBLANO 2431 Jerome Ave Jerome, BX"
7/1/2014,5:31:00 AM," 2285 Sedgwick Ave Jerome, BX"
7/1/2014,5:41:00 AM," 2455 Grand Ave Jerome, BX"
7/1/2014,5:42:00 AM," 3450 Gates Pl Williamsbridge, BX"
7/1/2014,5:44:00 AM," 5 Minerva Pl Jerome, BX"
7/1/2014,5:47:00 AM," 2104 Bronx Park E Parkchester, BX"
7/1/2014,5:48:00 AM," 2324 Bathgate Ave Fordham, BX"
7/1/2014,5:48:00 AM," 2487 Grand Ave Jerome, BX"
7/1/2014,5:53:00 AM,"#6 2400 Sedgwick Ave Jerome, BX"
7/1/2014,5:54:00 AM,"DIAMANTE POBLANO 2431 Jerome Ave Jerome, BX"
7/1/2014,5:55:00 AM,"shalom restuarant  nw E 196th St Jerome, BX"
7/1/2014,5:57:00 AM," 2975 Briggs Ave Fordham, BX"
7/1/2014,5:58:00 AM," 1871 Sedgwick Ave Morris Heights, BX"
7/1/2014,5:59:00 AM," 31 W Tremont Ave Morris Heights, BX"
7/1/2014,6:00:00 AM," 1985 Sedgwick Ave Morris Heights, BX"
7/1/2014,6:01:00 AM," 873 Union Ave Foxhurst, BX"
7/1/2014,6:03:00 AM," 2271 Washington Ave Tremont, BX"
7/1/2014,6:04:00 AM," 1849 Sedgwick Ave Morris Heights, BX"
7/1/2014,6:12:00 AM," 902 Eagle Ave Morrisania, BX"
7/1/2014,6:18:00 AM," 318 E 151st St Cortlandt, BX"
7/1/2014,6:22:00 AM," 1860 Billingsley Ter Morris Heights, BX"
7/1/2014,6:23:00 AM,"howard johnson  1300 Sedgwick Ave High Bridge, BX"
7/1/2014,6:24:00 AM," 3915 Orloff Ave Kingsbridge, BX"
7/1/2014,6:26:00 AM," 116 W 197th St Jerome, BX"
7/1/2014,6:29:00 AM," 2309 Holland Ave Williamsbridge, BX"
7/1/2014,6:29:00 AM," 2230 University Ave Morris Heights, BX"
7/1/2014,6:29:00 AM," 2324 University Ave Jerome, BX"
7/1/2014,6:30:00 AM," 2334 Valentine Ave Fordham, BX"
7/1/2014,6:30:00 AM," 2290 University Ave Jerome, BX"
7/1/2014,6:31:00 AM," 1889 Sedgwick Ave Morris Heights, BX"
7/1/2014,6:31:00 AM," 1825 Andrews Ave S Morris Heights, BX"
7/1/2014,6:33:00 AM," 2278 Hampden Pl Jerome, BX"
7/1/2014,6:39:00 AM," 2526 Valentine Ave Fordham, BX"
7/1/2014,6:40:00 AM," 2274 University Ave Jerome, BX"
7/1/2014,6:40:00 AM," 153 Father Zeiser Pl Jerome, BX"
7/1/2014,6:40:00 AM, 1730 Popham Ave Bronx
7/1/2014,6:45:00 AM," 730 Oakland Pl Tremont, BX"
7/1/2014,6:45:00 AM," 747 E 168th St Morrisania, BX"
7/1/2014,6:45:00 AM," 2471 University Ave Jerome, BX"
7/1/2014,6:45:00 AM," 2277 Andrews Ave N Jerome, BX"
7/1/2014,6:46:00 AM," 2526 Valentine Ave Fordham, BX"
7/1/2014,6:49:00 AM," 2277 Andrews Ave N Jerome, BX"
7/1/2014,6:50:00 AM," 2406 University Ave Jerome, BX"
7/1/2014,6:51:00 AM,"5 fha  2400 Sedgwick Ave Jerome, BX"
7/1/2014,6:53:00 AM," 2400 Webb Ave Jerome, BX"
7/1/2014,6:56:00 AM,"frente a; parqueo  2400 Sedgwick Ave Jerome, BX"
7/1/2014,6:59:00 AM,40 TRACEY TOWERS 40 Mosholu Pkwy S Bronx
7/1/2014,7:01:00 AM," 2400 Webb Ave Jerome, BX"
7/1/2014,7:03:00 AM," 75 E 190th St Jerome, BX"
7/1/2014,7:03:00 AM,"BASE 170 W Fordham Rd Jerome, BX"
7/1/2014,7:08:00 AM," 2698 Bailey Ave Kingsbridge, BX"
7/1/2014,7:09:00 AM," 1860 Billingsley Ter Morris Heights, BX"
7/1/2014,7:10:00 AM," 2698 Bailey Ave Kingsbridge, BX"
7/1/2014,7:10:00 AM," 134 W 180th St Morris Heights, BX"
7/1/2014,7:11:00 AM," 2770 Briggs Ave Fordham, BX"
7/1/2014,7:15:00 AM," 5 Minerva Pl Jerome, BX"
7/1/2014,7:20:00 AM," 2230 University Ave Morris Heights, BX"
7/1/2014,7:21:00 AM," 2300 Sedgwick Ave Jerome, BX"
7/1/2014,7:22:00 AM," 2885 Valentine Ave Fordham, BX"
7/1/2014,7:22:00 AM," 16 W 184th St Jerome, BX"
7/1/2014,7:23:00 AM," 3442 Giles Pl Kingsbridge, BX"
7/1/2014,7:24:00 AM,"main FORDHAM HILL 2400 Sedgwick Ave Jerome, BX"
7/1/2014,7:24:00 AM," 2300 Sedgwick Ave Jerome, BX"
7/1/2014,7:25:00 AM, 220 W 167 St Bronx
7/1/2014,7:25:00 AM," 1459 Wythe Pl High Bridge, BX"
7/1/2014,7:26:00 AM," 1995 Sedgwick Ave Morris Heights, BX"
7/1/2014,7:27:00 AM," NW W 238th St Kingsbridge, BX"
7/1/2014,7:30:00 AM,"F H A ,, MAIN ENTRANCE 2400 Sedgwick Ave Jerome, BX"
7/1/2014,7:30:00 AM," 2300 Sedgwick Ave Jerome, BX"
7/1/2014,7:30:00 AM," 4229 Carpenter Ave Wakefield, BX"
7/1/2014,7:32:00 AM," 2419 Beaumont Ave Fordham, BX"
7/1/2014,7:33:00 AM," 3980 Orloff Ave Kingsbridge, BX"
7/1/2014,7:34:00 AM," 2732 Marion Ave Fordham, BX"
7/1/2014,7:36:00 AM," 2547 Aqueduct Ave Jerome, BX"
7/1/2014,7:37:00 AM," 3554 Rochambeau Ave Williamsbridge, BX"
7/1/2014,7:37:00 AM," 360 E 195th St Fordham, BX"
7/1/2014,7:41:00 AM," 54 Featherbed Ln High Bridge, BX"
7/1/2014,7:41:00 AM," 135 W 183rd St Morris Heights, BX"
7/1/2014,7:41:00 AM,"5 FORDHAM HILL 2400 Sedgwick Ave Jerome, BX"
7/1/2014,7:41:00 AM," 2400 Webb Ave Jerome, BX"
7/1/2014,7:43:00 AM," 130 W 183rd St Morris Heights, BX"
7/1/2014,7:43:00 AM," 2300 Sedgwick Ave Jerome, BX"
7/1/2014,7:43:00 AM,"credit card 2789 Morris Ave Jerome, BX"
7/1/2014,7:43:00 AM," 2699 Heath Ave Kingsbridge, BX"
7/1/2014,7:44:00 AM," 1966 Bathgate Ave Tremont, BX"
7/1/2014,7:45:00 AM," 200 E 205th St Fordham, BX"
7/1/2014,7:46:00 AM," 2800 University Ave Jerome, BX"
7/1/2014,7:47:00 AM," 3889 Orloff Ave Kingsbridge, BX"
7/1/2014,7:48:00 AM," 2130 E Tremont Ave Parkchester, BX"
7/1/2014,7:49:00 AM," 2130 E Tremont Ave Parkchester, BX"
7/1/2014,7:50:00 AM,"5 F HA  2400 Sedgwick Ave Jerome, BX"
7/1/2014,7:50:00 AM," 2550 Bainbridge Ave Fordham, BX"
7/1/2014,7:51:00 AM," 2287 Loring Pl N Jerome, BX"
7/1/2014,7:52:00 AM, 263 W 153 St NYC
7/1/2014,7:52:00 AM," 1478 Walton Ave High Bridge, BX"
7/1/2014,7:52:00 AM,"1-17C FORDHAM HILL  2400 Sedgwick Ave Jerome, BX"
7/1/2014,7:54:00 AM," 2438 Devoe Ter Jerome, BX"
7/1/2014,7:55:00 AM," 2956 Bainbridge Ave Fordham, BX"
7/1/2014,7:56:00 AM," 1834 Phelan Pl Morris Heights, BX"
7/1/2014,7:56:00 AM," 65 W 192nd St Jerome, BX"
7/1/2014,7:56:00 AM,"esquina nw Loring Pl S Morris Heights, BX"
7/1/2014,7:56:00 AM," 2500 Webb Ave Jerome, BX"
7/1/2014,7:59:00 AM,"4 FORDHAM HILL fah#4 2400 Sedgwick Ave Jerome, BX"
7/1/2014,8:00:00 AM," 1849 Sedgwick Ave Morris Heights, BX"
7/1/2014,8:00:00 AM," 2855 Claflin Ave Jerome, BX"
7/1/2014,8:01:00 AM," 2420 Grand Ave Jerome, BX"
7/1/2014,8:02:00 AM," 1730 Popham Ave Morris Heights, BX"
7/1/2014,8:03:00 AM," 2559 Sedgwick Ave Jerome, BX"
7/1/2014,8:04:00 AM," 2735 Creston Ave Jerome, BX"
7/1/2014,8:06:00 AM," 2472 Grand Ave Jerome, BX"
7/1/2014,8:07:00 AM," 1705 Andrews Ave S Morris Heights, BX"
7/1/2014,8:07:00 AM,"5 f h a 2400 Sedgwick Ave Jerome, BX"
7/1/2014,8:07:00 AM," 1165 Shakespeare Ave High Bridge, BX"
7/1/2014,8:09:00 AM," 2300 Sedgwick Ave Jerome, BX"
7/1/2014,8:09:00 AM," 2280 Andrews Ave N Jerome, BX"
7/1/2014,8:10:00 AM,"5 f h a 2400 Sedgwick Ave Jerome, BX"
7/1/2014,8:10:00 AM," 2914 Jerome Ave Jerome, BX"
7/1/2014,8:10:00 AM," 2059 McGraw Ave Parkchester, BX"
7/1/2014,8:11:00 AM," 2914 Jerome Ave Jerome, BX"
7/1/2014,8:12:00 AM," 3718 Henry Hudson Pkwy E Kingsbridge, BX"
7/1/2014,8:12:00 AM," 2312 Loring Pl N Jerome, BX"
7/1/2014,8:12:00 AM," 1840 Sedgwick Ave Morris Heights, BX"
7/1/2014,8:13:00 AM," 226 E 203rd St Fordham, BX"
7/1/2014,8:13:00 AM," 3850 Sedgwick Ave Kingsbridge, BX"
7/1/2014,8:15:00 AM," 1985 Sedgwick Ave Morris Heights, BX"
7/1/2014,8:15:00 AM," 648 Rosedale Ave Clason Point, BX"
7/1/2014,8:15:00 AM," 2460 Bronxwood Ave Baychester, BX"
7/1/2014,8:16:00 AM," 3136 Perry Ave Williamsbridge, BX"
7/1/2014,8:18:00 AM," 2876 Jerome Ave Jerome, BX"
7/1/2014,8:18:00 AM," 1889 Sedgwick Ave Morris Heights, BX"
7/1/2014,8:20:00 AM," 1983 Sedgwick Ave Morris Heights, BX"
7/1/2014,8:22:00 AM," 1140 Woodycrest Ave High Bridge, BX"
7/1/2014,8:23:00 AM," 1889 Sedgwick Ave Morris Heights, BX"
7/1/2014,8:24:00 AM," 3 W 192nd St Jerome, BX"
7/1/2014,8:24:00 AM," 2315 Grand Ave Jerome, BX"
7/1/2014,8:25:00 AM,"BASE 170 W Fordham Rd Jerome, BX"
7/1/2014,8:27:00 AM," 2025 Walton Ave Morris Heights, BX"
7/1/2014,8:28:00 AM," 2641 Jerome Ave Jerome, BX"
7/1/2014,8:29:00 AM," 2290 Davidson Ave Jerome, BX"
7/1/2014,8:30:00 AM," 1561 Sheridan Ave Tremont, BX"
7/1/2014,8:30:00 AM," 2323 Barnes Ave Williamsbridge, BX"
7/1/2014,8:30:00 AM," 680 Beck St South Bronx, BX"
7/1/2014,8:31:00 AM," 2686 Bailey Ave Kingsbridge, BX"
7/1/2014,8:31:00 AM," 2300 Sedgwick Ave Jerome, BX"
7/1/2014,8:32:00 AM," 190 W Burnside Ave Morris Heights, BX"
7/1/2014,8:32:00 AM," 2317 Tiebout Ave Fordham, BX"
7/1/2014,8:33:00 AM," 120 W 183rd St Morris Heights, BX"
7/1/2014,8:33:00 AM," 1834 Phelan Pl Morris Heights, BX"
7/1/2014,8:37:00 AM,"Carro 2641 Jerome Ave Jerome, BX"
7/1/2014,8:37:00 AM, 151 W 228 St NYC
7/1/2014,8:38:00 AM," 2789 Morris Ave Jerome, BX"
7/1/2014,8:38:00 AM, 151 W 228 St NYC
7/1/2014,8:38:00 AM," 2186 Grand Concourse Tremont, BX"
7/1/2014,8:40:00 AM," 145 Father Zeiser Pl Jerome, BX"
7/1/2014,8:40:00 AM," 2761 Webb Ave Jerome, BX"
7/1/2014,8:40:00 AM," 2210 University Ave Morris Heights, BX"
7/1/2014,8:40:00 AM," 2734 Claflin Ave Jerome, BX"
7/1/2014,8:40:00 AM," 28 Bedford Park Blvd Jerome, BX"
7/1/2014,8:40:00 AM," 2785 University Ave Jerome, BX"
7/1/2014,8:41:00 AM," 311 E 178th St Tremont, BX"
7/1/2014,8:42:00 AM," 2780 University Ave Jerome, BX"
7/1/2014,8:42:00 AM," 2312 Loring Pl N Jerome, BX"
7/1/2014,8:43:00 AM," 166 E 205th St Fordham, BX"
7/1/2014,8:43:00 AM," 1750 Topping Ave Tremont, BX"
7/1/2014,8:44:00 AM," 2308 University Ave Jerome, BX"
7/1/2014,8:45:00 AM," 2761 Webb Ave Jerome, BX"
7/1/2014,8:45:00 AM," 3400 Paul Ave Jerome, BX"
7/1/2014,8:45:00 AM," 2085 Valentine Ave Tremont, BX"
7/1/2014,8:45:00 AM," 2280 Loring Pl N Jerome, BX"
7/1/2014,8:45:00 AM, 2698 8 Ave NYC
7/1/2014,8:46:00 AM,"esquina  nw Andrews Ave S Morris Heights, BX"
7/1/2014,8:46:00 AM," 3000 Valentine Ave Fordham, BX"
7/1/2014,8:49:00 AM," 2333 Loring Pl N Jerome, BX"
7/1/2014,8:50:00 AM,"6 FORDHAM HILL 2400 Sedgwick Ave Jerome, BX"
7/1/2014,8:51:00 AM," 2400 Webb Ave Jerome, BX"
7/1/2014,8:51:00 AM," 3915 Orloff Ave Kingsbridge, BX"
7/1/2014,8:53:00 AM," 55 W 184th St Jerome, BX"
7/1/2014,8:54:00 AM," 2230 University Ave Morris Heights, BX"
7/1/2014,8:54:00 AM," 1632 Undercliff Ave Morris Heights, BX"
7/1/2014,8:55:00 AM," 2286 Sedgwick Ave Jerome, BX"
7/1/2014,8:56:00 AM," 2784 Morris Ave Jerome, BX"
7/1/2014,8:56:00 AM," 2850 Claflin Ave Jerome, BX"
7/1/2014,8:56:00 AM," 1610 Sedgwick Ave Morris Heights, BX"
7/1/2014,8:59:00 AM," 2810 Bailey Ave Kingsbridge, BX"
7/1/2014,9:00:00 AM," 1709 E 172nd St Soundview, BX"
7/1/2014,9:02:00 AM," 2312 Loring Pl N Jerome, BX"
7/1/2014,9:02:00 AM," 285 E 199th St Fordham, BX"
7/1/2014,9:02:00 AM," 2085 Valentine Ave Tremont, BX"
7/1/2014,9:05:00 AM," 2641 Marion Ave Fordham, BX"
7/1/2014,9:05:00 AM," 2700 University Ave Jerome, BX"
7/1/2014,9:06:00 AM," 2700 University Ave Jerome, BX"
7/1/2014,9:08:00 AM,"BASE 170 W Fordham Rd Jerome, BX"
7/1/2014,9:08:00 AM," 2037 Bathgate Ave Tremont, BX"
7/1/2014,9:09:00 AM," 2095 Creston Ave Morris Heights, BX"
7/1/2014,9:09:00 AM," 2800 Bailey Ave Kingsbridge, BX"
7/1/2014,9:10:00 AM," 2700 Sedgwick Ave Jerome, BX"
7/1/2014,9:10:00 AM," 2700 Sedgwick Ave Jerome, BX"
7/1/2014,9:10:00 AM," 30 W 190th St Jerome, BX"
7/1/2014,9:12:00 AM, 1895 walton av Bronx
7/1/2014,9:13:00 AM," 3400 Paul Ave Jerome, BX"
7/1/2014,9:14:00 AM," 22 Mount Hope Pl Morris Heights, BX"
7/1/2014,9:15:00 AM," 595 Calhoun Ave Throgs Neck, BX"
7/1/2014,9:16:00 AM,"6 -7c fordham hill 2400 Sedgwick Ave Jerome, BX"
7/1/2014,9:16:00 AM," 1955 Sedgwick Ave Morris Heights, BX"
7/1/2014,9:18:00 AM," 2473 Davidson Ave Jerome, BX"
7/1/2014,9:19:00 AM," 1558 Bryant Ave Westfarms, BX"
7/1/2014,9:21:00 AM," 735 E 165th St Morrisania, BX"
7/1/2014,9:21:00 AM," 1962 Cedar Ave Morris Heights, BX"
7/1/2014,9:21:00 AM," 3035 Valentine Ave Fordham, BX"
7/1/2014,9:21:00 AM," 735 E 165th St Morrisania, BX"
7/1/2014,9:24:00 AM," 1991 Sedgwick Ave Morris Heights, BX"
7/1/2014,9:24:00 AM," 130 W 183rd St Morris Heights, BX"
7/1/2014,9:25:00 AM,"40 TRACY TOWER 40 W Mosholu Pkwy S Jerome, BX"
7/1/2014,9:27:00 AM,"4  F H A 2400 Sedgwick Ave Jerome, BX"
7/1/2014,9:29:00 AM," 3400 Paul Ave Jerome, BX"
7/1/2014,9:29:00 AM,"6 14h fordham hill 2400 Sedgwick Ave Jerome, BX"
7/1/2014,9:29:00 AM," 2265 Sedgwick Ave Jerome, BX"
7/1/2014,9:29:00 AM," 2251 Sedgwick Ave Jerome, BX"
7/1/2014,9:30:00 AM," 1889 Sedgwick Ave Morris Heights, BX"
7/1/2014,9:30:00 AM," 2309 Loring Pl N Jerome, BX"
7/1/2014,9:30:00 AM," 1181 Walton Ave High Bridge, BX"
7/1/2014,9:31:00 AM," 2265 Sedgwick Ave Jerome, BX"
7/1/2014,9:32:00 AM," 51 North St Jerome, BX"
7/1/2014,9:32:00 AM," 2280 Andrews Ave N Jerome, BX"
7/1/2014,9:32:00 AM," 120 W 183rd St Morris Heights, BX"
7/1/2014,9:33:00 AM," 3975 Sedgwick Ave Kingsbridge, BX"
7/1/2014,9:36:00 AM,"5-8g fordham hill 2400 Sedgwick Ave Jerome, BX"
7/1/2014,9:36:00 AM,"ESQUINA  NW Webb Ave Jerome, BX"
7/1/2014,9:38:00 AM," 3043 Villa Ave Jerome, BX"
7/1/2014,9:40:00 AM, 3505 Rochambeau Ave Bronx
7/1/2014,9:41:00 AM," 2326 Loring Pl N Jerome, BX"
7/1/2014,9:42:00 AM," 2663 Heath Ave Kingsbridge, BX"
7/1/2014,9:43:00 AM," 2865 University Ave Jerome, BX"
7/1/2014,9:44:00 AM," 40 W Mosholu Pkwy N Williamsbridge, BX"
7/1/2014,9:44:00 AM," 2 Minerva Pl Jerome, BX"
7/1/2014,9:45:00 AM," 2100 Creston Ave Morris Heights, BX"
7/1/2014,9:48:00 AM," 2440 Boston Rd Williamsbridge, BX"
7/1/2014,9:49:00 AM," 2251 Sedgwick Ave Jerome, BX"
7/1/2014,9:49:00 AM," 85 Strong St Jerome, BX"
7/1/2014,9:49:00 AM," 2348 University Ave Jerome, BX"
7/1/2014,9:49:00 AM," 1630 E 174th St Soundview, BX"
7/1/2014,9:49:00 AM," 3480 3rd Ave Morrisania, BX"
7/1/2014,9:49:00 AM," 2500 Johnson Ave Kingsbridge, BX"
7/1/2014,9:50:00 AM," 21 E 205th St Jerome, BX"
7/1/2014,9:51:00 AM," 3227 E Tremont Ave Morris Park, BX"
7/1/2014,9:51:00 AM," 2321 Andrews Ave N Jerome, BX"
7/1/2014,9:52:00 AM," 2275 Morris Ave Morris Heights, BX"
7/1/2014,9:53:00 AM," 60 E 208th St Williamsbridge, BX"
7/1/2014,9:54:00 AM," 2401 Davidson Ave Jerome, BX"
7/1/2014,9:56:00 AM,"BASE 170 W Fordham Rd Jerome, BX"
7/1/2014,9:58:00 AM," 1850 Phelan Pl Morris Heights, BX"
7/1/2014,9:58:00 AM," 1621 Undercliff Ave Morris Heights, BX"
7/1/2014,9:58:00 AM," 1001 University Ave High Bridge, BX"
7/1/2014,9:59:00 AM," 2285 Sedgwick Ave Jerome, BX"
7/1/2014,10:00:00 AM," 956 Cauldwell Ave Morrisania, BX"
7/1/2014,10:01:00 AM, 130 West 183 St Bronx
7/1/2014,10:02:00 AM," 1861 Sedgwick Ave Morris Heights, BX"
7/1/2014,10:04:00 AM," 2819 Morris Ave Jerome, BX"
7/1/2014,10:04:00 AM," 3551 Dekalb Ave Williamsbridge, BX"
7/1/2014,10:07:00 AM,"main 2400 Sedgwick Ave Jerome, BX"
7/1/2014,10:08:00 AM,"MAIN 102 W 183rd St Morris Heights, BX"
7/1/2014,10:09:00 AM," 127 W 183rd St Morris Heights, BX"
7/1/2014,10:09:00 AM," 2785 University Ave Jerome, BX"
7/1/2014,10:09:00 AM," 1981 Sedgwick Ave Morris Heights, BX"
7/1/2014,10:11:00 AM," 1847 Phelan Pl Morris Heights, BX"
7/1/2014,10:11:00 AM," 2110 Barnes Ave Parkchester, BX"
7/1/2014,10:12:00 AM," 2853 Webb Ave Jerome, BX"
7/1/2014,10:13:00 AM,"6 FORDHAM HILL OVAL 2400 Sedgwick Ave Jerome, BX"
7/1/2014,10:13:00 AM," 1460 Washington Ave Morrisania, BX"
7/1/2014,10:13:00 AM," 1642 Montgomery Ave Morris Heights, BX"
7/1/2014,10:15:00 AM," 3133 Villa Ave Jerome, BX"
7/1/2014,10:15:00 AM," 2317 Tiebout Ave Fordham, BX"
7/1/2014,10:15:00 AM," 2440 Boston Rd Williamsbridge, BX"
7/1/2014,10:15:00 AM," 1455 Harrod Ave Soundview, BX"
7/1/2014,10:16:00 AM," 2824 Morris Ave Jerome, BX"
7/1/2014,10:18:00 AM," 2005 Jerome Ave Morris Heights, BX"
7/1/2014,10:19:00 AM, 41 Elliot Pl Bronx
7/1/2014,10:19:00 AM," 1010 Central Park Ave YONKERS, NY."
7/1/2014,10:20:00 AM,"esquia nw Loring Pl S Morris Heights, BX"
7/1/2014,10:21:00 AM," 2440 Boston Rd Williamsbridge, BX"
7/1/2014,10:21:00 AM," 1642 Montgomery Ave Morris Heights, BX"
7/1/2014,10:22:00 AM," 729 E 224th St Wakefield, BX"
7/1/2014,10:23:00 AM, 55 Cooper St NYC
7/1/2014,10:24:00 AM," 253 E 202nd St Fordham, BX"
7/1/2014,10:26:00 AM," 2888 Grand Concourse Fordham, BX"
7/1/2014,10:29:00 AM," 3400 Paul Ave Jerome, BX"
7/1/2014,10:29:00 AM," 2320 Grand Ave Jerome, BX"
7/1/2014,10:29:00 AM," 2976 Marion Ave Fordham, BX"
7/1/2014,10:34:00 AM," 2391 Davidson Ave Jerome, BX"
7/1/2014,10:34:00 AM," 2323 Loring Pl N Jerome, BX"
7/1/2014,10:36:00 AM," 3881 Sedgwick Ave Kingsbridge, BX"
7/1/2014,10:36:00 AM," 1981 Sedgwick Ave Morris Heights, BX"
7/1/2014,10:39:00 AM," 1899 Harrison Ave Morris Heights, BX"
7/1/2014,10:40:00 AM, 55 Cooper St NYC
7/1/2014,10:40:00 AM," 2701 Valentine Ave Fordham, BX"
7/1/2014,10:41:00 AM," 2663 Heath Ave Kingsbridge, BX"
7/1/2014,10:43:00 AM," 3400 Paul Ave Jerome, BX"
7/1/2014,10:45:00 AM," 175 Father Zeiser Pl Jerome, BX"
7/1/2014,10:46:00 AM," 2701 Valentine Ave Fordham, BX"
7/1/2014,10:47:00 AM," 1950 Andrews Ave S Morris Heights, BX"
7/1/2014,10:48:00 AM," 145 Father Zeiser Pl Jerome, BX"
7/1/2014,10:49:00 AM," 3123 Kingsbridge Ter Kingsbridge, BX"
7/1/2014,10:49:00 AM," 1854 Cedar Ave Morris Heights, BX"
7/1/2014,10:49:00 AM," 1760 Andrews Ave S Morris Heights, BX"
7/1/2014,10:50:00 AM," 60 W 190th St Jerome, BX"
7/1/2014,10:53:00 AM," 1990 Creston Ave Morris Heights, BX"
7/1/2014,10:53:00 AM," 1995 Sedgwick Ave Morris Heights, BX"
7/1/2014,10:54:00 AM," 2663 Heath Ave Kingsbridge, BX"
7/1/2014,10:55:00 AM," 30 W 190th St Jerome, BX"
7/1/2014,10:56:00 AM,"7 7f fordham hill 2400 Sedgwick Ave Jerome, BX"
7/1/2014,10:58:00 AM," 1945 Andrews Ave S Morris Heights, BX"
7/1/2014,10:59:00 AM," 410 E 189th St Fordham, BX"
7/1/2014,10:59:00 AM," 41 W 184th St Jerome, BX"
7/1/2014,10:59:00 AM,"6 fordham hill 2400 Sedgwick Ave Jerome, BX"
7/1/2014,11:00:00 AM," 2320 Beaumont Ave Fordham, BX"
7/1/2014,11:02:00 AM," 2501 Davidson Ave Jerome, BX"
7/1/2014,11:05:00 AM," 2609 Briggs Ave Fordham, BX"
7/1/2014,11:06:00 AM," 125 E 168th St High Bridge, BX"
7/1/2014,11:08:00 AM," 1939 Clinton Ave Tremont, BX"
7/1/2014,11:10:00 AM," 1871 Sedgwick Ave Morris Heights, BX"
7/1/2014,11:10:00 AM, 386 Fort Washington Ave NYC
7/1/2014,11:10:00 AM," 3240 Riverdale Ave Kingsbridge, BX"
7/1/2014,11:11:00 AM, 386 Fort Washington Ave NYC
7/1/2014,11:11:00 AM,"BASE 170 W Fordham Rd Jerome, BX"
7/1/2014,11:11:00 AM," 3050 Park Ave Cortlandt, BX"
7/1/2014,11:11:00 AM,"9 fordham hill fha #9 2400 Sedgwick Ave Jerome, BX"
7/1/2014,11:13:00 AM," 71 W 182nd St Morris Heights, BX"
7/1/2014,11:15:00 AM," 1320 Boone Ave Foxhurst, BX"
7/1/2014,11:16:00 AM," 1270 Gerard Ave High Bridge, BX"
7/1/2014,11:18:00 AM," 135 W 183rd St Morris Heights, BX"
7/1/2014,11:18:00 AM," 1270 Gerard Ave High Bridge, BX"
7/1/2014,11:19:00 AM," 1515 Selwyn Ave Tremont, BX"
7/1/2014,11:19:00 AM," 125 W Tremont Ave Morris Heights, BX"
7/1/2014,11:20:00 AM," 1889 Sedgwick Ave Morris Heights, BX"
7/1/2014,11:21:00 AM,"5 fordham  hill 2400 Sedgwick Ave Jerome, BX"
7/1/2014,11:23:00 AM,"citibank  2481 Creston Ave Jerome, BX"
7/1/2014,11:24:00 AM,"MI NI VAN 1327 Clay Ave Morrisania, BX"
7/1/2014,11:26:00 AM," 1511 Sheridan Ave Tremont, BX"
7/1/2014,11:29:00 AM," 2608 Briggs Ave Fordham, BX"
7/1/2014,11:32:00 AM," 2206 Cedar Ave Jerome, BX"
7/1/2014,11:33:00 AM," 1400 Rosedale Ave Soundview, BX"
7/1/2014,11:38:00 AM," 2432 Webb Ave Jerome, BX"
7/1/2014,11:40:00 AM," 3444 kossuth ave  Jerome, BX"
7/1/2014,11:40:00 AM," 3250 Westchester Ave Morris Park, BX"
7/1/2014,11:40:00 AM," 955 Sheridan Ave Morrisania, BX"
7/1/2014,11:42:00 AM," 1901 Hennessy Pl Morris Heights, BX"
7/1/2014,11:43:00 AM," 1924 University Ave Morris Heights, BX"
7/1/2014,11:46:00 AM," 125 W Tremont Ave Morris Heights, BX"
7/1/2014,11:49:00 AM," 373 E 154th St South Bronx, BX"
7/1/2014,11:51:00 AM," 1642 Montgomery Ave Morris Heights, BX"
7/1/2014,11:52:00 AM," 2889 Bainbridge Ave Fordham, BX"
7/1/2014,11:57:00 AM,"EN MOTEL NW Westchester Ave Morris Park, BX"
7/1/2014,11:57:00 AM," 2550 Bainbridge Ave Fordham, BX"
7/1/2014,12:00:00 PM," 1331 Bryant Ave Foxhurst, BX"
7/1/2014,12:01:00 PM,"4 fordhamhill 4 2400 Sedgwick Ave Jerome, BX"
7/1/2014,12:05:00 PM,"HOTEL 2815 Westchester Ave Morris Park, BX"
7/1/2014,12:08:00 PM,"main gate 2400 Sedgwick Ave Jerome, BX"
7/1/2014,12:14:00 PM," 2559 Sedgwick Ave Jerome, BX"
7/1/2014,12:16:00 PM," 1331 Bryant Ave Foxhurst, BX"
7/1/2014,12:18:00 PM,"BASE 170 W Fordham Rd Jerome, BX"
7/1/2014,12:18:00 PM," 2604 University Ave Jerome, BX"
7/1/2014,12:19:00 PM," 2881 Valentine Ave Fordham, BX"
7/1/2014,12:21:00 PM," 2400 Webb Ave Jerome, BX"
7/1/2014,12:23:00 PM," 2811 Exterior St Kingsbridge, BX"
7/1/2014,12:24:00 PM," 1250 Waters Pl Morris Park, BX"
7/1/2014,12:26:00 PM," 1450 Clay Ave Morrisania, BX"
7/1/2014,12:27:00 PM," 573 E Fordham Rd Fordham, BX"
7/1/2014,12:27:00 PM," 49 W 225th St Kingsbridge, BX"
7/1/2014,12:29:00 PM," 943 Sheridan Ave Morrisania, BX"
7/1/2014,12:30:00 PM," 1040 Edison Ave Throgs Neck, BX"
7/1/2014,12:30:00 PM," 2282 Beaumont Ave Tremont, BX"
7/1/2014,12:30:00 PM," 440 E 186th St Fordham, BX"
7/1/2014,12:30:00 PM," 620 Baychester Ave Co-Op City, BX"
7/1/2014,12:34:00 PM," 1678 Nelson Ave Morris Heights, BX"
7/1/2014,12:35:00 PM, 1678 Nelson Ave Bronx
7/1/2014,12:36:00 PM," 2489 Tiebout Ave Fordham, BX"
7/1/2014,12:36:00 PM," 2701 Heath Ave Kingsbridge, BX"
7/1/2014,12:37:00 PM," 2825 Claflin Ave Jerome, BX"
7/1/2014,12:40:00 PM," 254 E 203rd St Fordham, BX"
7/1/2014,12:40:00 PM," 55 Evelyn Pl Jerome, BX"
7/1/2014,12:41:00 PM," 2334 Tiebout Ave Fordham, BX"
7/1/2014,12:42:00 PM," 1185 Washington Ave Morrisania, BX"
7/1/2014,12:43:00 PM," 410 E 189th St Fordham, BX"
7/1/2014,12:46:00 PM,"SALE POR HENNSEY PL 186 W 179th St Morris Heights, BX"
7/1/2014,12:47:00 PM,40 TRACEY TOWERS 40 Mosholu Pkwy S Bronx
7/1/2014,12:47:00 PM," 2300 Sedgwick Ave Jerome, BX"
7/1/2014,12:48:00 PM,"BASE 170 W Fordham Rd Jerome, BX"
7/1/2014,12:48:00 PM," 2334 Tiebout Ave Fordham, BX"
7/1/2014,12:49:00 PM," 444 Gerard Ave Cortlandt, BX"
7/1/2014,12:49:00 PM,"BASE 170 W Fordham Rd Jerome, BX"
7/1/2014,12:50:00 PM," 3424 Gates Pl Williamsbridge, BX"
7/1/2014,12:51:00 PM, 3985 Gouverneur Ave Bronx
7/1/2014,12:51:00 PM," 3250 Westchester Ave Morris Park, BX"
7/1/2014,12:51:00 PM,"9 f h a 2400 Sedgwick Ave Jerome, BX"
7/1/2014,12:52:00 PM," 2226 Loring Pl N Morris Heights, BX"
7/1/2014,12:52:00 PM," 1520 Sedgwick Ave Morris Heights, BX"
7/1/2014,12:54:00 PM," 226 W Tremont Ave Morris Heights, BX"
7/1/2014,12:54:00 PM, 36 Saint Nicholas pl NYC
7/1/2014,12:56:00 PM," 86 W 179th St Morris Heights, BX"
7/1/2014,12:57:00 PM," 2550 Creston Ave Jerome, BX"
7/1/2014,12:58:00 PM," 2489 Tiebout Ave Fordham, BX"
7/1/2014,1:01:00 PM," 2400 Sedgwick Ave Jerome, BX"
7/1/2014,1:02:00 PM," 2325 University Ave Jerome, BX"
7/1/2014,1:02:00 PM," 2525 University Ave Jerome, BX"
7/1/2014,1:08:00 PM,"MADDENS BAR  27 Bedford Park Blvd Jerome, BX"
7/1/2014,1:08:00 PM," 134 E Mosholu Pkwy S Fordham, BX"
7/1/2014,1:09:00 PM,"7 fordham hill 2400 Sedgwick Ave Jerome, BX"
7/1/2014,1:10:00 PM," 2270 Washington Ave Tremont, BX"
7/1/2014,1:12:00 PM," 4 building  2400 Sedgwick Ave Jerome, BX"
7/1/2014,1:12:00 PM," 2170 University Ave Morris Heights, BX"
7/1/2014,1:14:00 PM, 1050 Carol PL Bronx
7/1/2014,1:17:00 PM," 3451 Giles Pl Kingsbridge, BX"
7/1/2014,1:17:00 PM," 480 E 188th St Fordham, BX"
7/1/2014,1:19:00 PM," 2794 Valentine Ave Fordham, BX"
7/1/2014,1:20:00 PM,"BASE 170 W Fordham Rd Jerome, BX"
7/1/2014,1:20:00 PM," 2015 Grand Ave Morris Heights, BX"
7/1/2014,1:21:00 PM, 3451 Knox Pl Bronx
7/1/2014,1:22:00 PM,"BASE 170 W Fordham Rd Jerome, BX"
7/1/2014,1:23:00 PM," 2516 Grand Ave Jerome, BX"
7/1/2014,1:23:00 PM," 6 W 190th St Jerome, BX"
7/1/2014,1:25:00 PM,"CAMRY O LINCOLN 2841 Sedgwick Ave Jerome, BX"
7/1/2014,1:26:00 PM," 2444 Devoe Ter Jerome, BX"
7/1/2014,1:28:00 PM,"frente parqueo fordham hill 3 2400 Sedgwick Ave Jerome, BX"
7/1/2014,1:29:00 PM," 2111 Lafontaine Ave Tremont, BX"
7/1/2014,1:31:00 PM," 2755 Reservoir Ave Jerome, BX"
7/1/2014,1:31:00 PM, 2285 Sedgwick Ave Bronx
7/1/2014,1:34:00 PM," 2985 Botanical Sq Fordham, BX"
7/1/2014,1:34:00 PM," 2487 Davidson Ave Jerome, BX"
7/1/2014,1:38:00 PM," 2780 University Ave Jerome, BX"
7/1/2014,1:39:00 PM," 2377 Belmont Ave Fordham, BX"
7/1/2014,1:39:00 PM," 254 E 203rd St Fordham, BX"
7/1/2014,1:45:00 PM," 2162 Valentine Ave Tremont, BX"
7/1/2014,1:45:00 PM," 2181 Grand Ave Morris Heights, BX"
7/1/2014,1:45:00 PM," 2820 Morris Ave Jerome, BX"
7/1/2014,1:46:00 PM," 2195 Walton Ave Morris Heights, BX"
7/1/2014,1:46:00 PM," 18 E Kingsbridge Rd Jerome, BX"
7/1/2014,1:51:00 PM," 2675 Marion Ave Fordham, BX"
7/1/2014,1:52:00 PM," 2487 Davidson Ave Jerome, BX"
7/1/2014,1:52:00 PM," 2328 Morris Ave Jerome, BX"
7/1/2014,1:54:00 PM, 893 Park Ave NYC
7/1/2014,1:55:00 PM," 2265 Sedgwick Ave Jerome, BX"
7/1/2014,1:58:00 PM," 2235 Jerome Ave Morris Heights, BX"
7/1/2014,1:58:00 PM," 2805 Heath Ave Kingsbridge, BX"
7/1/2014,1:59:00 PM," 1851 Phelan Pl Morris Heights, BX"
7/1/2014,2:02:00 PM," 1920 Osborne Pl Morris Heights, BX"
7/1/2014,2:02:00 PM," 3965 Sedgwick Ave Kingsbridge, BX"
7/1/2014,2:03:00 PM," 2690 Webb Ave Jerome, BX"
7/1/2014,2:05:00 PM," 2328 Williamsbridge Rd Baychester, BX"
7/1/2014,2:07:00 PM,"MI NI VAN 1327 Clay Ave Morrisania, BX"
7/1/2014,2:07:00 PM,"CREDIT CARD 1849 Sedgwick Ave Morris Heights, BX"
7/1/2014,2:09:00 PM," 2566 Bainbridge Ave Fordham, BX"
7/1/2014,2:09:00 PM," 2850 Webb Ave Jerome, BX"
7/1/2014,2:10:00 PM," 2850 Webb Ave Jerome, BX"
7/1/2014,2:12:00 PM," 205 E 183rd St Fordham, BX"
7/1/2014,2:13:00 PM," se Bainbridge Ave Fordham, BX"
7/1/2014,2:17:00 PM," 2914 Jerome Ave Jerome, BX"
7/1/2014,2:18:00 PM," 1811 Phelan Pl Morris Heights, BX"
7/1/2014,2:18:00 PM," 2251 Sedgwick Ave Jerome, BX"
7/1/2014,2:18:00 PM," 2135 Washington Ave Tremont, BX"
7/1/2014,2:18:00 PM," 108 Clarke Pl E High Bridge, BX"
7/1/2014,2:19:00 PM,"MADDENS BAR  27 Bedford Park Blvd Jerome, BX"
7/1/2014,2:20:00 PM," 1266 Morris Ave Morrisania, BX"
7/1/2014,2:21:00 PM," 2519 Sedgwick Ave Jerome, BX"
7/1/2014,2:23:00 PM,"BASE 170 W Fordham Rd Jerome, BX"
7/1/2014,2:25:00 PM," 1326 Grand Concourse Morrisania, BX"
7/1/2014,2:28:00 PM," 2410 Walton Ave Jerome, BX"
7/1/2014,2:28:00 PM," 127 W 183rd St Morris Heights, BX"
7/1/2014,2:30:00 PM,"BASE 170 W Fordham Rd Jerome, BX"
7/1/2014,2:32:00 PM," 1901 Hennessy Pl Morris Heights, BX"
7/1/2014,2:34:00 PM," 355 E 184th St Fordham, BX"
7/1/2014,2:36:00 PM," 2332 Tiebout Ave Fordham, BX"
7/1/2014,2:38:00 PM," 951 Prospect Ave Foxhurst, BX"
7/1/2014,2:40:00 PM," 1775 Grand Concourse Tremont, BX"
7/1/2014,2:41:00 PM," 1880 Valentine Ave Tremont, BX"
7/1/2014,2:41:00 PM," 2501 Davidson Ave Jerome, BX"
7/1/2014,2:42:00 PM," 2265 Sedgwick Ave Jerome, BX"
7/1/2014,2:43:00 PM," 2170 University Ave Morris Heights, BX"
7/1/2014,2:43:00 PM," 2980 Valentine Ave Fordham, BX"
7/1/2014,2:44:00 PM," 2679 Decatur Ave Fordham, BX"
7/1/2014,2:46:00 PM,"BASE 170 W Fordham Rd Jerome, BX"
7/1/2014,2:46:00 PM," 2304 Grand Ave Jerome, BX"
7/1/2014,2:47:00 PM," 2380 Grand Ave Jerome, BX"
7/1/2014,2:48:00 PM," 2865 Kingsbridge Ter Kingsbridge, BX"
7/1/2014,2:49:00 PM," 1920 University Ave Morris Heights, BX"
7/1/2014,2:50:00 PM,"BODEGA 2260 Washington Ave Tremont, BX"
7/1/2014,2:53:00 PM,"supermercado 1945 University Ave Morris Heights, BX"
7/1/2014,2:54:00 PM," 2501 Davidson Ave Jerome, BX"
7/1/2014,2:57:00 PM," 365 E 183rd St Fordham, BX"
7/1/2014,2:57:00 PM," 55 W 180th St Morris Heights, BX"
7/1/2014,2:58:00 PM," 1901 Hennessy Pl Morris Heights, BX"
7/1/2014,3:00:00 PM," 1991 Sedgwick Ave Morris Heights, BX"
7/1/2014,3:03:00 PM," 410 E 189th St Fordham, BX"
7/1/2014,3:04:00 PM," 114 W 183rd St Morris Heights, BX"
7/1/2014,3:05:00 PM," 115 W 197th St Jerome, BX"
7/1/2014,3:06:00 PM," 2977 Bainbridge Ave Fordham, BX"
7/1/2014,3:06:00 PM,"PRECINTO 3016 Webster Ave Williamsbridge, BX"
7/1/2014,3:08:00 PM," 2050 Anthony Ave Tremont, BX"
7/1/2014,3:10:00 PM," 2316 Andrews Ave N Jerome, BX"
7/1/2014,3:10:00 PM," 2303 Holland Ave Williamsbridge, BX"
7/1/2014,3:10:00 PM,"Minivan 2235 Sedgwick Ave Jerome, BX"
7/1/2014,3:11:00 PM," 2251 Sedgwick Ave Jerome, BX"
7/1/2014,3:17:00 PM," 110 E 153rd St Cortlandt, BX"
7/1/2014,3:20:00 PM," 2262 Loring Pl N Jerome, BX"
7/1/2014,3:20:00 PM," 364 E 188th St Fordham, BX"
7/1/2014,3:21:00 PM," 3400 Paul Ave Jerome, BX"
7/1/2014,3:21:00 PM," 2518 Webb Ave Jerome, BX"
7/1/2014,3:22:00 PM,"BASE 170 W Fordham Rd Jerome, BX"
7/1/2014,3:24:00 PM," 2285 Sedgwick Ave Jerome, BX"
7/1/2014,3:25:00 PM," 55 W 180th St Morris Heights, BX"
7/1/2014,3:27:00 PM,"PRINCIPAL LINCLN HOSP 234 E 149th St Cortlandt, BX"
7/1/2014,3:28:00 PM," 3265 Bainbridge Ave Williamsbridge, BX"
7/1/2014,3:34:00 PM," 2285 Sedgwick Ave Jerome, BX"
7/1/2014,3:34:00 PM," 2316 Loring Pl N Jerome, BX"
7/1/2014,3:35:00 PM,"MAIN 130 W Kingsbridge Rd Jerome, BX"
7/1/2014,3:37:00 PM," 2300 Loring Pl N Jerome, BX"
7/1/2014,3:39:00 PM," 4578 Park Ave Fordham, BX"
7/1/2014,3:40:00 PM," 360 Morris Ave Cortlandt, BX"
7/1/2014,3:41:00 PM," 1310 Sheridan Ave Morrisania, BX"
7/1/2014,3:44:00 PM," 2545 Sedgwick Ave Jerome, BX"
7/1/2014,3:46:00 PM," 2472 Grand Ave Jerome, BX"
7/1/2014,3:47:00 PM,"BASE 170 W Fordham Rd Jerome, BX"
7/1/2014,3:49:00 PM," 2265 Sedgwick Ave Jerome, BX"
7/1/2014,3:52:00 PM," 1915 Andrews Ave S Morris Heights, BX"
7/1/2014,3:53:00 PM," 179 E 205th St Fordham, BX"
7/1/2014,3:54:00 PM," 3400 Bainbridge Ave Williamsbridge, BX"
7/1/2014,3:56:00 PM," 1181 Sheridan Ave Morrisania, BX"
7/1/2014,3:56:00 PM," 1310 Sheridan Ave Morrisania, BX"
7/1/2014,3:58:00 PM," 1783 Marmion Ave Westfarms, BX"
7/1/2014,3:58:00 PM, 3111 Heath Ave Bronx
7/1/2014,3:58:00 PM,"BASE 170 W Fordham Rd Jerome, BX"
7/1/2014,3:59:00 PM," 410 E 189th St Fordham, BX"
7/1/2014,4:03:00 PM,"BASE 170 W Fordham Rd Jerome, BX"
7/1/2014,4:04:00 PM," 1901 Hennessy Pl Morris Heights, BX"
7/1/2014,4:04:00 PM,"test 2082 Valentine Ave Tremont, BX"
7/1/2014,4:05:00 PM," 257 E 201st St Fordham, BX"
7/1/2014,4:08:00 PM," 2285 Sedgwick Ave Jerome, BX"
7/1/2014,4:09:00 PM," 60 E 208th St Williamsbridge, BX"
7/1/2014,4:09:00 PM," 461 E 185th St Fordham, BX"
7/1/2014,4:09:00 PM," 60 E 196th St Jerome, BX"
7/1/2014,4:11:00 PM," 2300 Loring Pl N Jerome, BX"
7/1/2014,4:13:00 PM," 2238 Adams Pl Tremont, BX"
7/1/2014,4:18:00 PM," 711 Fairmont Pl Tremont, BX"
7/1/2014,4:20:00 PM,"emergencia-lincoln se Park Ave Cortlandt, BX"
7/1/2014,4:21:00 PM," 69 W Kingsbridge Rd Jerome, BX"
7/1/2014,4:22:00 PM,"BASE 170 W Fordham Rd Jerome, BX"
7/1/2014,4:22:00 PM,"applebee's  W 225th St Kingsbridge, BX"
7/1/2014,4:27:00 PM," NW Osborne Pl Morris Heights, BX"
7/1/2014,4:29:00 PM," 1975 Sedgwick Ave Morris Heights, BX"
7/1/2014,4:29:00 PM," 155 Father Zeiser Pl Jerome, BX"
7/1/2014,4:31:00 PM," 130 W 183rd St Morris Heights, BX"
7/1/2014,4:31:00 PM," 2225 Adams Pl Tremont, BX"
7/1/2014,4:31:00 PM," 2322 Andrews Ave N Jerome, BX"
7/1/2014,4:34:00 PM," 2575 Jerome Ave Jerome, BX"
7/1/2014,4:36:00 PM," 1250 Waters Pl Morris Park, BX"
7/1/2014,4:36:00 PM," 1889 Sedgwick Ave Morris Heights, BX"
7/1/2014,4:38:00 PM," 1849 Sedgwick Ave Morris Heights, BX"
7/1/2014,4:41:00 PM," 1630 Macombs Rd Morris Heights, BX"
7/1/2014,4:41:00 PM," 2195 Andrews Ave N Morris Heights, BX"
7/1/2014,4:42:00 PM," 2101 Cedar Ave Jerome, BX"
7/1/2014,4:43:00 PM," 2412 Bathgate Ave Fordham, BX"
7/1/2014,4:47:00 PM," 1915 Andrews Ave S Morris Heights, BX"
7/1/2014,4:48:00 PM," 120 W 183rd St Morris Heights, BX"
7/1/2014,4:56:00 PM," 2333 Andrews Ave N Jerome, BX"
7/1/2014,4:56:00 PM," 1975 Sedgwick Ave Morris Heights, BX"
7/1/2014,4:58:00 PM," 2476 Webb Ave Jerome, BX"
7/1/2014,4:58:00 PM," 2296 Andrews Ave N Jerome, BX"
7/1/2014,5:01:00 PM, 780 E 138 St Bronx
7/1/2014,5:01:00 PM," 1843 Loring Pl S Morris Heights, BX"
7/1/2014,5:02:00 PM, 2630 Kingsbridge Ter Bronx
7/1/2014,5:06:00 PM," 2869 Bainbridge Ave Fordham, BX"
7/1/2014,5:06:00 PM," 2000 Arthur Ave Tremont, BX"
7/1/2014,5:07:00 PM,"BASE 170 W Fordham Rd Jerome, BX"
7/1/2014,5:08:00 PM,"BASE 170 W Fordham Rd Jerome, BX"
7/1/2014,5:09:00 PM," 2701 Valentine Ave Fordham, BX"
7/1/2014,5:10:00 PM," 2234 Davidson Ave Morris Heights, BX"
7/1/2014,5:11:00 PM,"BASE 170 W Fordham Rd Jerome, BX"
7/1/2014,5:12:00 PM," 2865 Kingsbridge Ter Kingsbridge, BX"
7/1/2014,5:13:00 PM," 2400 Webb Ave Jerome, BX"
7/1/2014,5:13:00 PM," 2462 Devoe Ter Jerome, BX"
7/1/2014,5:14:00 PM,"mcdonal se Jerome Ave Jerome, BX"
7/1/2014,5:15:00 PM," 2307 Loring Pl N Jerome, BX"
7/1/2014,5:18:00 PM," 2305 Grand Ave Jerome, BX"
7/1/2014,5:20:00 PM," 2547 Aqueduct Ave Jerome, BX"
7/1/2014,5:21:00 PM," 88 E 208th St Williamsbridge, BX"
7/1/2014,5:22:00 PM," 2280 Grand Ave Jerome, BX"
7/1/2014,5:23:00 PM," 2241 Southern Blvd Westfarms, BX"
7/1/2014,5:27:00 PM," 1920 Osborne Pl Morris Heights, BX"
7/1/2014,5:29:00 PM," 941 Leggett Ave South Bronx, BX"
7/1/2014,5:29:00 PM," 1854 Cedar Ave Morris Heights, BX"
7/1/2014,5:32:00 PM," 1281 Edward L Grant Hwy High Bridge, BX"
7/1/2014,5:32:00 PM," 2386 Jerome Ave Jerome, BX"
7/1/2014,5:34:00 PM," 3574 Dekalb Ave Williamsbridge, BX"
7/1/2014,5:35:00 PM," 2265 Grand Ave Morris Heights, BX"
7/1/2014,5:37:00 PM,"BASE 170 W Fordham Rd Jerome, BX"
7/1/2014,5:37:00 PM," 355 E 187th St Fordham, BX"
7/1/2014,5:38:00 PM," 3461 Wilson Ave Baychester, BX"
7/1/2014,5:38:00 PM," 2285 Davidson Ave Jerome, BX"
7/1/2014,5:42:00 PM," 2975 Briggs Ave Fordham, BX"
7/1/2014,5:42:00 PM," 1305 Harrod Ave Soundview, BX"
7/1/2014,5:44:00 PM," 1657 Unionport Rd Parkchester, BX"
7/1/2014,5:44:00 PM," 3599 Bainbridge Ave Williamsbridge, BX"
7/1/2014,5:45:00 PM," 2261 Andrews Ave N Jerome, BX"
7/1/2014,5:45:00 PM,PATHMARK NW W 207 St NYC
7/1/2014,5:46:00 PM," 983 Summit Ave High Bridge, BX"
7/1/2014,5:46:00 PM,piooner suermarket se W 231st St Bronx
7/1/2014,5:48:00 PM," 800 Concourse Village W Cortlandt, BX"
7/1/2014,5:48:00 PM,"test 2155 University Ave Morris Heights, BX"
7/1/2014,5:48:00 PM," 2837 Valentine Ave Fordham, BX"
7/1/2014,5:48:00 PM,"STOP N SHOP NW W 234th St Kingsbridge, BX"
7/1/2014,5:49:00 PM," 1898 Billingsley Ter Morris Heights, BX"
7/1/2014,5:50:00 PM," 2640 Marion Ave Fordham, BX"
7/1/2014,5:50:00 PM," 720 Courtlandt Ave Cortlandt, BX"
7/1/2014,5:50:00 PM," 1660 Monroe Ave Tremont, BX"
7/1/2014,5:51:00 PM,"test 2170 University Ave Morris Heights, BX"
7/1/2014,5:58:00 PM," 2334 Washington Ave Fordham, BX"
7/1/2014,6:01:00 PM,"test 2785 Sedgwick Ave Jerome, BX"
7/1/2014,6:05:00 PM," 2195 Andrews Ave N Morris Heights, BX"
7/1/2014,6:06:00 PM, 1535 Undercliff Ave Bronx
7/1/2014,6:06:00 PM," 220 W 167th St High Bridge, BX"
7/1/2014,6:07:00 PM," 1841 University Ave Morris Heights, BX"
7/1/2014,6:10:00 PM, 13 E Tremont Ave Bronx
7/1/2014,6:11:00 PM,"BASE 170 W Fordham Rd Jerome, BX"
7/1/2014,6:11:00 PM,"BASE 170 W Fordham Rd Jerome, BX"
7/1/2014,6:11:00 PM,"BASE 170 W Fordham Rd Jerome, BX"
7/1/2014,6:11:00 PM,"BASE 170 W Fordham Rd Jerome, BX"
7/1/2014,6:13:00 PM,"BASE 170 W Fordham Rd Jerome, BX"
7/1/2014,6:14:00 PM,"BASE 170 W Fordham Rd Jerome, BX"
7/1/2014,6:14:00 PM," 2016 Lafontaine Ave Tremont, BX"
7/1/2014,6:14:00 PM," 2010 Walton Ave Morris Heights, BX"
7/1/2014,6:15:00 PM," 2016 Lafontaine Ave Tremont, BX"
7/1/2014,6:15:00 PM," 2016 Lafontaine Ave Tremont, BX"
7/1/2014,6:19:00 PM," 2300 Sedgwick Ave Jerome, BX"
7/1/2014,6:20:00 PM," 220 W 167th St High Bridge, BX"
7/1/2014,6:22:00 PM," 1889 Sedgwick Ave Morris Heights, BX"
7/1/2014,6:22:00 PM,"BASE 170 W Fordham Rd Jerome, BX"
7/1/2014,6:23:00 PM,"BASE 170 W Fordham Rd Jerome, BX"
7/1/2014,6:25:00 PM,"van 1255 Longfellow Ave Foxhurst, BX"
7/1/2014,6:25:00 PM," 1854 Cedar Ave Morris Heights, BX"
7/1/2014,6:25:00 PM," 190 E Mosholu Pkwy S Fordham, BX"
7/1/2014,6:27:00 PM,"BASE 170 W Fordham Rd Jerome, BX"
7/1/2014,6:27:00 PM," 721 Walton Ave Cortlandt, BX"
7/1/2014,6:27:00 PM,"BASE 170 W Fordham Rd Jerome, BX"
7/1/2014,6:28:00 PM,"BASE 170 W Fordham Rd Jerome, BX"
7/1/2014,6:28:00 PM," 1174 Fox St Foxhurst, BX"
7/1/2014,6:29:00 PM," 3165 Villa Ave Jerome, BX"
7/1/2014,6:29:00 PM," 39 W Fordham Rd Jerome, BX"
7/1/2014,6:30:00 PM," 3250 Westchester Ave Morris Park, BX"
7/1/2014,6:31:00 PM, 2280 Andrews Ave N Bronx
7/1/2014,6:31:00 PM,"BASE 170 W Fordham Rd Jerome, BX"
7/1/2014,6:31:00 PM,"BASE 170 W Fordham Rd Jerome, BX"
7/1/2014,6:33:00 PM," 2505 Aqueduct Ave Jerome, BX"
7/1/2014,6:36:00 PM,LGA B6 398
7/1/2014,6:37:00 PM,"BASE 170 W Fordham Rd Jerome, BX"
7/1/2014,6:42:00 PM,"SHEAS BAR 2960 Jerome Ave Jerome, BX"
7/1/2014,6:42:00 PM, 25  W 127 St NYC
7/1/2014,6:42:00 PM,"ALFRENTE 1800 University Ave Morris Heights, BX"
7/1/2014,6:46:00 PM," 2287 Loring Pl N Jerome, BX"
7/1/2014,6:48:00 PM," 101 E 169th St High Bridge, BX"
7/1/2014,6:50:00 PM,"BASE 170 W Fordham Rd Jerome, BX"
7/1/2014,6:50:00 PM,"BASE 170 W Fordham Rd Jerome, BX"
7/1/2014,6:57:00 PM," 450 E 165th St Morrisania, BX"
7/1/2014,6:58:00 PM," 148 W 231st St Kingsbridge, BX"
7/1/2014,6:59:00 PM," 2248 Hughes Ave Tremont, BX"
7/1/2014,6:59:00 PM," 2559 Sedgwick Ave Jerome, BX"
7/1/2014,7:01:00 PM," 1940 Andrews Ave S Morris Heights, BX"
7/1/2014,7:01:00 PM," 2126 Valentine Ave Tremont, BX"
7/1/2014,7:02:00 PM," 1920 Washington Ave Tremont, BX"
7/1/2014,7:02:00 PM," 765 E 183rd St Westfarms, BX"
7/1/2014,7:03:00 PM," 2580 Bainbridge Ave Fordham, BX"
7/1/2014,7:03:00 PM," 1921 Jerome Ave Morris Heights, BX"
7/1/2014,7:08:00 PM," 2302 Andrews Ave N Jerome, BX"
7/1/2014,7:09:00 PM," 2304 Sedgwick Ave Jerome, BX"
7/1/2014,7:09:00 PM,"CREDIT CARD 355 E 187th St Fordham, BX"
7/1/2014,7:09:00 PM," 1655 Undercliff Ave Morris Heights, BX"
7/1/2014,7:09:00 PM," 2480 Arthur Ave Fordham, BX"
7/1/2014,7:13:00 PM," 15 W 184th St Jerome, BX"
7/1/2014,7:14:00 PM," 2860 Creston Ave Jerome, BX"
7/1/2014,7:14:00 PM," 2111 Lafontaine Ave Tremont, BX"
7/1/2014,7:16:00 PM," 366 E Mosholu Pkwy S Fordham, BX"
7/1/2014,7:18:00 PM,"5-10 c  2400 Sedgwick Ave Jerome, BX"
7/1/2014,7:18:00 PM," 2325 University Ave Jerome, BX"
7/1/2014,7:19:00 PM," 2621 Grand Ave Jerome, BX"
7/1/2014,7:19:00 PM," 2785 Sedgwick Ave Jerome, BX"
7/1/2014,7:25:00 PM," 2259 Tiebout Ave Tremont, BX"
7/1/2014,7:25:00 PM," 2678 Valentine Ave Fordham, BX"
7/1/2014,7:25:00 PM,"RECOJER EN SECURITY BOOTH 40 Richman Plz Morris Heights, BX"
7/1/2014,7:27:00 PM," 2785 Sedgwick Ave Jerome, BX"
7/1/2014,7:30:00 PM," 2160 Walton Ave Morris Heights, BX"
7/1/2014,7:30:00 PM," 514 E 163rd St Cortlandt, BX"
7/1/2014,7:31:00 PM," 2304 Sedgwick Ave Jerome, BX"
7/1/2014,7:33:00 PM,"SHES BAR 2960 Jerome Ave Jerome, BX"
7/1/2014,7:34:00 PM," 2309 Crotona Ave Fordham, BX"
7/1/2014,7:34:00 PM," 2420 Davidson Ave Jerome, BX"
7/1/2014,7:36:00 PM," 1983 Sedgwick Ave Morris Heights, BX"
7/1/2014,7:38:00 PM," 2315 Walton Ave Jerome, BX"
7/1/2014,7:43:00 PM," 3467 Dekalb Ave Williamsbridge, BX"
7/1/2014,7:44:00 PM," 2824 University Ave Jerome, BX"
7/1/2014,7:44:00 PM," 340 E 184th St Fordham, BX"
7/1/2014,7:44:00 PM," 1889 Sedgwick Ave Morris Heights, BX"
7/1/2014,7:51:00 PM," 2390 Tiebout Ave Fordham, BX"
7/1/2014,7:55:00 PM," 2515 Davidson Ave Jerome, BX"
7/1/2014,7:55:00 PM," 65 Mount Hope Pl Morris Heights, BX"
7/1/2014,7:55:00 PM," 854 Jackson Ave Morrisania, BX"
7/1/2014,7:55:00 PM," 2444 Devoe Ter Jerome, BX"
7/1/2014,7:57:00 PM," 2309 Crotona Ave Fordham, BX"
7/1/2014,8:00:00 PM,"BASE 170 W Fordham Rd Jerome, BX"
7/1/2014,8:00:00 PM," 2276 Jerome Ave Morris Heights, BX"
7/1/2014,8:02:00 PM," 127 W 183rd St Morris Heights, BX"
7/1/2014,8:03:00 PM," 2055 Harrison Ave Morris Heights, BX"
7/1/2014,8:03:00 PM," 2285 Sedgwick Ave Jerome, BX"
7/1/2014,8:04:00 PM," 2869 Bainbridge Ave Fordham, BX"
7/1/2014,8:07:00 PM,"CLINICA MONTEFIORE 2532 Grand Concourse Fordham, BX"
7/1/2014,8:08:00 PM," 1075 E 179th St Westfarms, BX"
7/1/2014,8:10:00 PM,"5 FORDHAM HILL OVAL 2400 Sedgwick Ave Jerome, BX"
7/1/2014,8:12:00 PM," 2337 Walton Ave Jerome, BX"
7/1/2014,8:13:00 PM," 2205 Ryer Ave Tremont, BX"
7/1/2014,8:14:00 PM," 3873 Orloff Ave Kingsbridge, BX"
7/1/2014,8:15:00 PM," 80 Van Cortlandt Park S Kingsbridge, BX"
7/1/2014,8:17:00 PM,"8 fordham hill 2400 Sedgwick Ave Jerome, BX"
7/1/2014,8:18:00 PM,"BASE 170 W Fordham Rd Jerome, BX"
7/1/2014,8:18:00 PM," 1819 Loring Pl S Morris Heights, BX"
7/1/2014,8:22:00 PM," 260 E 194th St Fordham, BX"
7/1/2014,8:24:00 PM," 2085 Valentine Ave Tremont, BX"
7/1/2014,8:26:00 PM," 760 Melrose Ave Cortlandt, BX"
7/1/2014,8:28:00 PM,LGA AIRPORT SW LA GUARDIA A.-USA-- Queens
7/1/2014,8:29:00 PM," 2319 Loring Pl N Jerome, BX"
7/1/2014,8:30:00 PM,"BASE 170 W Fordham Rd Jerome, BX"
7/1/2014,8:32:00 PM," 1991 Sedgwick Ave Morris Heights, BX"
7/1/2014,8:33:00 PM," 127 W 183rd St Morris Heights, BX"
7/1/2014,8:33:00 PM," 3184 Villa Ave Jerome, BX"
7/1/2014,8:34:00 PM," 2201 Walton Ave Morris Heights, BX"
7/1/2014,8:34:00 PM," 127 W 183rd St Morris Heights, BX"
7/1/2014,8:35:00 PM," 2201 Walton Ave Morris Heights, BX"
7/1/2014,8:36:00 PM,"BASE 170 W Fordham Rd Jerome, BX"
7/1/2014,8:36:00 PM,"BASE 170 W Fordham Rd Jerome, BX"
7/1/2014,8:36:00 PM,"BASE 170 W Fordham Rd Jerome, BX"
7/1/2014,8:37:00 PM,"BASE 170 W Fordham Rd Jerome, BX"
7/1/2014,8:39:00 PM,"BASE 170 W Fordham Rd Jerome, BX"
7/1/2014,8:40:00 PM," 2387 Creston Ave Jerome, BX"
7/1/2014,8:40:00 PM," 2483 Tiebout Ave Fordham, BX"
7/1/2014,8:41:00 PM,"CREDIT CARD 2260 University Ave Jerome, BX"
7/1/2014,8:41:00 PM," 2280 Loring Pl N Jerome, BX"
7/1/2014,8:42:00 PM,"CREDIT CARD 2260 University Ave Jerome, BX"
7/1/2014,8:42:00 PM,"STAPLES-MALL SW Exterior St Cortlandt, BX"
7/1/2014,8:42:00 PM," 1955 Sedgwick Ave Morris Heights, BX"
7/1/2014,8:42:00 PM,"CREDIT CARD 2260 University Ave Jerome, BX"
7/1/2014,8:42:00 PM," 212 W Fordham Rd Jerome, BX"
7/1/2014,8:43:00 PM," 1945 Loring Pl S Morris Heights, BX"
7/1/2014,8:47:00 PM,"CREDIT CARD 1975 Sedgwick Ave Morris Heights, BX"
7/1/2014,8:49:00 PM,"CREDIT CARD 1975 Sedgwick Ave Morris Heights, BX"
7/1/2014,8:49:00 PM,"CREDIT CARD 1975 Sedgwick Ave Morris Heights, BX"
7/1/2014,8:49:00 PM," 130 Gale Pl Kingsbridge, BX"
7/1/2014,8:50:00 PM," 2769 University Ave Jerome, BX"
7/1/2014,8:50:00 PM," 275 E 201st St Fordham, BX"
7/1/2014,8:52:00 PM," 1992 Belmont Ave Tremont, BX"
7/1/2014,8:56:00 PM,"K-MART 345 Baychester Ave Wakefield, BX"
7/1/2014,8:59:00 PM," 2544 Valentine Ave Fordham, BX"
7/1/2014,9:00:00 PM,"BASE 170 W Fordham Rd Jerome, BX"
7/1/2014,9:00:00 PM," 355 E 187th St Fordham, BX"
7/1/2014,9:00:00 PM," 3323 Baychester Ave Co-Op City, BX"
7/1/2014,9:04:00 PM," 1913 Bronxdale Ave Parkchester, BX"
7/1/2014,9:04:00 PM," 3121 Villa Ave Jerome, BX"
7/1/2014,9:04:00 PM," 1128 Findlay Ave Morrisania, BX"
7/1/2014,9:05:00 PM," 2820 Morris Ave Jerome, BX"
7/1/2014,9:05:00 PM," 15 E Mosholu Pkwy N Williamsbridge, BX"
7/1/2014,9:06:00 PM," 2811 Exterior St Kingsbridge, BX"
7/1/2014,9:09:00 PM," 2251 Loring Pl N Jerome, BX"
7/1/2014,9:11:00 PM," 130 Gale Pl Kingsbridge, BX"
7/1/2014,9:13:00 PM," 300 E 158th St Cortlandt, BX"
7/1/2014,9:14:00 PM," 461 E 185th St Fordham, BX"
7/1/2014,9:15:00 PM," 2119 Hughes Ave Tremont, BX"
7/1/2014,9:15:00 PM," 2251 Loring Pl N Jerome, BX"
7/1/2014,9:17:00 PM," 952 Sherman Ave Morrisania, BX"
7/1/2014,9:17:00 PM," 2300 Loring Pl N Jerome, BX"
7/1/2014,9:19:00 PM," 364 E 188th St Fordham, BX"
7/1/2014,9:20:00 PM," 54 Featherbed Ln High Bridge, BX"
7/1/2014,9:23:00 PM,"Burger King 2179 White Plains Rd Parkchester, BX"
7/1/2014,9:23:00 PM," 2308 University Ave Jerome, BX"
7/1/2014,9:24:00 PM," 1991 Sedgwick Ave Morris Heights, BX"
7/1/2014,9:24:00 PM,"BASE 170 W Fordham Rd Jerome, BX"
7/1/2014,9:24:00 PM," 333 E 181st St Tremont, BX"
7/1/2014,9:26:00 PM,"BASE 170 W Fordham Rd Jerome, BX"
7/1/2014,9:27:00 PM,"BASE 170 W Fordham Rd Jerome, BX"
7/1/2014,9:28:00 PM," 2386 Davidson Ave Jerome, BX"
7/1/2014,9:28:00 PM," 130 W 183rd St Morris Heights, BX"
7/1/2014,9:28:00 PM," 193 W Burnside Ave Morris Heights, BX"
7/1/2014,9:28:00 PM," 2285 University Ave Jerome, BX"
7/1/2014,9:31:00 PM," 3504 Rochambeau Ave Williamsbridge, BX"
7/1/2014,9:31:00 PM," 2505 Aqueduct Ave Jerome, BX"
7/1/2014,9:37:00 PM," 1131 Grant Ave Morrisania, BX"
7/1/2014,9:38:00 PM," 2386 Davidson Ave Jerome, BX"
7/1/2014,9:38:00 PM," 1710 Pilgrim Ave Morris Park, BX"
7/1/2014,9:38:00 PM," 1849 Sedgwick Ave Morris Heights, BX"
7/1/2014,9:41:00 PM," 1920 Loring Pl S Morris Heights, BX"
7/1/2014,9:45:00 PM," 111 W 183rd St Morris Heights, BX"
7/1/2014,9:46:00 PM," 2550 University Ave Jerome, BX"
7/1/2014,9:48:00 PM," 699 W 239th St Kingsbridge, BX"
7/1/2014,9:48:00 PM,"COFFE SHOP SW E 134th St Mott Haven, BX"
7/1/2014,9:53:00 PM," 2318 Loring Pl N Jerome, BX"
7/1/2014,9:55:00 PM," 693 E 189th St Fordham, BX"
7/1/2014,9:58:00 PM," 1644 Undercliff Ave Morris Heights, BX"
7/1/2014,9:59:00 PM,"TARGET 611 Exterior St Cortlandt, BX"
7/1/2014,10:00:00 PM," 1889 Sedgwick Ave Morris Heights, BX"
7/1/2014,10:02:00 PM," 877 Taylor Ave Clason Point, BX"
7/1/2014,10:02:00 PM," 3915 Orloff Ave Kingsbridge, BX"
7/1/2014,10:05:00 PM,"6 FORDHAM HILL OVAL 2400 Sedgwick Ave Jerome, BX"
7/1/2014,10:05:00 PM," 2000 Creston Ave Morris Heights, BX"
7/1/2014,10:06:00 PM," 1086 Home St Foxhurst, BX"
7/1/2014,10:06:00 PM," 2811 Exterior St Kingsbridge, BX"
7/1/2014,10:06:00 PM,"BASE 170 W Fordham Rd Jerome, BX"
7/1/2014,10:07:00 PM," 2420 Morris Ave Jerome, BX"
7/1/2014,10:07:00 PM," 1678 Nelson Ave Morris Heights, BX"
7/1/2014,10:07:00 PM," 2251 Sedgwick Ave Jerome, BX"
7/1/2014,10:08:00 PM," 3220 Steuben Ave Williamsbridge, BX"
7/1/2014,10:11:00 PM," 2280 Loring Pl N Jerome, BX"
7/1/2014,10:11:00 PM," 1901 Loring Pl S Morris Heights, BX"
7/1/2014,10:13:00 PM," 2287 Loring Pl N Jerome, BX"
7/1/2014,10:16:00 PM," 2461 Elm Pl Fordham, BX"
7/1/2014,10:16:00 PM,"MARISCO CENTRO 610 Exterior St Cortlandt, BX"
7/1/2014,10:18:00 PM," 2226 Loring Pl N Morris Heights, BX"
7/1/2014,10:19:00 PM," 190 W 170th St High Bridge, BX"
7/1/2014,10:20:00 PM," 1175 Grand Concourse Morrisania, BX"
7/1/2014,10:21:00 PM," 2226 Loring Pl N Morris Heights, BX"
7/1/2014,10:21:00 PM," 1985 Sedgwick Ave Morris Heights, BX"
7/1/2014,10:23:00 PM," 1775 Eastburn Ave Tremont, BX"
7/1/2014,10:23:00 PM," 3150 Bailey Ave Kingsbridge, BX"
7/1/2014,10:26:00 PM,"Western Beef Inc 2044 Webster Ave Tremont, BX"
7/1/2014,10:26:00 PM," 1834 Phelan Pl Morris Heights, BX"
7/1/2014,10:28:00 PM,PATHMARK NW West 207 St NYC
7/1/2014,10:28:00 PM," 2105 Cruger Ave Parkchester, BX"
7/1/2014,10:29:00 PM," 2474 Grand Ave Jerome, BX"
7/1/2014,10:29:00 PM," 1983 Sedgwick Ave Morris Heights, BX"
7/1/2014,10:31:00 PM,"$15 2811 Exterior St Kingsbridge, BX"
7/1/2014,10:32:00 PM," 2800 Parkview Ter Jerome, BX"
7/1/2014,10:33:00 PM," 1860 Billingsley Ter Morris Heights, BX"
7/1/2014,10:35:00 PM," 2304 Grand Ave Jerome, BX"
7/1/2014,10:36:00 PM," 620 E 170th St Morrisania, BX"
7/1/2014,10:42:00 PM,"DIAMANTE POBLANO 2431 Jerome Ave Jerome, BX"
7/1/2014,10:42:00 PM," 2327 Andrews Ave N Jerome, BX"
7/1/2014,10:43:00 PM," 710 Oakland Pl Tremont, BX"
7/1/2014,10:44:00 PM," 2931 Laconia Ave Baychester, BX"
7/1/2014,10:45:00 PM," 216 E 203rd St Fordham, BX"
7/1/2014,10:46:00 PM," 1840 Washington Ave Tremont, BX"
7/1/2014,10:46:00 PM," 266 E 169th St Morrisania, BX"
7/1/2014,10:48:00 PM,"Golden Krust Bakery 3958 Park Ave Tremont, BX"